,Height,Weight
0,1.7526,47.62716
1,1.7018,54.43104
2,1.651,47.62716
3,1.6764,43.998424
4,1.6256,54.43104
5,1.7526,53.070264
6,1.7526,50.802304
7,1.651,50.802304
8,1.651,54.43104
9,1.7271999999999998,53.977448
10,1.651,55.791816
11,1.7018,47.62716
12,1.6001999999999998,41.730464
13,1.7018,58.059776
14,1.6256,45.812792
15,1.7526,53.523856
16,1.8034,59.874144
17,1.7526,54.884632
18,1.7018,53.523856
19,1.905,79.3786
20,1.8796,89.811216
21,1.8034,95.707912
22,1.778,108.86208
23,1.7018,91.171992
24,1.8034,84.821704
25,1.8288,81.64656
26,1.8288,96.161504
27,1.905,106.140528
28,1.8034,85.275296
29,1.905,83.007336
30,1.778,82.553744
31,1.7526,95.707912
32,1.8288,92.079176
33,1.8542,105.686936
34,1.8034,90.7184
35,1.7271999999999998,63.50288
36,1.8288,90.264808
37,1.8288,95.707912
38,1.8034,50.802304
39,1.7271999999999998,51.709488
40,1.778,50.348712
41,1.8034,54.43104
42,1.778,57.606184
43,1.8034,57.152592
44,1.7271999999999998,54.43104
45,1.778,58.96696
46,1.7526,54.43104
47,1.8034,58.059776
48,1.7526,55.338224
49,1.778,55.791816
50,1.778,56.699
51,1.778,53.523856
52,1.8034,56.699
53,1.778,53.977448
54,1.8034,52.16308
55,1.7018,83.91452
56,1.8542,70.30676
57,1.7526,75.749864
58,1.8288,111.13004
59,1.7018,75.296272
60,1.7526,88.45044
61,1.7271999999999998,81.64656
62,1.8034,77.11064
63,1.8288,93.893544
64,1.8034,86.636072
65,1.8542,87.996848
66,1.7271999999999998,68.0388
67,1.7271999999999998,84.821704
68,1.8034,97.52228
69,1.7271999999999998,97.068688
70,1.8542,93.893544
71,1.7271999999999998,82.100152
72,1.7526,84.821704
73,1.8288,68.0388
74,1.7271999999999998,104.779752
75,1.778,76.657048
76,1.7526,83.91452
77,1.905,83.91452
78,1.7526,72.57472
79,1.778,72.57472
80,1.7526,65.77083999999999
81,1.7018,63.50288
82,1.778,99.79024
83,1.6764,81.192968
84,1.7526,70.760352
85,1.6001999999999998,75.749864
86,1.8542,97.975872
87,1.7271999999999998,102.0582
88,1.8288,95.25432
89,1.905,90.7184
90,1.7526,92.532768
91,1.651,95.25432
92,1.7526,52.16308
93,1.7526,63.50288
94,1.7271999999999998,70.760352
95,1.8034,83.460928
96,1.7526,117.480328
97,1.7526,68.0388
98,1.8542,86.18248
99,1.778,68.492392
100,1.7271999999999998,58.96696
101,1.6764,68.0388
102,1.7526,64.863656
103,1.778,97.52228
104,1.8034,95.25432
105,1.6764,83.460928
106,1.7271999999999998,65.77083999999999
107,1.8796,86.18248
108,1.9812,110.676448
109,1.778,69.853168
110,1.6764,74.84268
111,1.8034,69.853168
112,1.7526,92.079176
113,1.8796,90.7184
114,1.7526,86.18248
115,1.6764,93.439952
116,1.7018,98.429464
117,1.8034,100.243832
118,1.6764,57.606184
119,1.778,136.0776
120,1.6764,52.16308
121,1.7018,68.0388
122,1.778,88.45044
123,1.8288,90.7184
124,1.8034,79.3786
125,1.8034,102.511792
126,1.7526,59.874144
127,1.8034,104.32616
128,1.778,77.564232
129,1.7526,101.151016
130,1.778,88.904032
131,1.6764,85.275296
132,1.8034,74.84268
133,1.524,91.625584
134,1.651,75.749864
135,1.7018,60.781328
136,1.6764,86.18248
137,1.6764,83.91452
138,1.8034,70.30676
139,1.8542,103.418976
140,1.7018,65.77083999999999
141,1.7271999999999998,93.439952
142,1.7271999999999998,68.945984
143,1.651,122.016248
144,1.8034,83.91452
145,1.778,70.30676
146,1.6764,77.11064
147,1.6764,65.77083999999999
148,1.6764,63.50288
149,1.7271999999999998,99.79024
150,1.6001999999999998,65.77083999999999
151,1.7526,112.490816
152,1.778,90.264808
153,1.778,81.64656
154,1.905,85.728888
155,1.7271999999999998,72.57472
156,1.7018,57.152592
157,1.8288,97.975872
158,1.8796,117.93392
159,1.778,90.7184
160,1.7526,82.553744
161,1.7526,90.7184
162,1.778,117.026736
163,1.7526,79.3786
164,1.9304,90.7184
165,1.8542,91.625584
166,1.778,107.047712
167,1.8034,88.904032
168,1.778,113.398
169,1.6764,84.821704
170,1.7526,67.131616
171,1.7526,96.161504
172,1.8542,104.32616
173,1.778,92.079176
174,1.7526,111.13004
175,1.778,95.25432
176,1.8796,83.91452
177,1.7526,102.0582
178,1.8288,101.604608
179,1.778,73.481904
180,1.8542,98.883056
181,1.6764,99.79024
182,1.8288,80.739376
183,1.8542,109.769264
184,1.8034,80.28578399999999
185,1.7018,88.45044
186,1.6256,61.23492
187,1.7526,70.30676
188,1.8034,97.975872
189,1.8034,65.77083999999999
190,1.8542,79.83219199999999
191,1.905,106.59412
192,1.7526,80.28578399999999
193,1.7018,78.471416
194,1.905,74.389088
195,1.8288,106.59412
196,1.651,59.874144
197,1.905,95.25432
198,1.7271999999999998,60.781328
199,1.7271999999999998,106.59412
200,1.7271999999999998,91.625584
201,1.7018,62.595696
202,1.8288,102.0582
203,1.7018,73.028312
204,1.8034,86.18248
205,1.8034,167.82904
206,1.778,83.91452
207,1.778,65.317248
208,1.8034,99.79024
209,1.8034,93.439952
210,1.778,89.811216
211,1.8288,79.3786
212,1.7526,96.615096
213,1.7526,106.59412
214,1.7271999999999998,83.91452
215,1.7018,77.11064
216,1.6764,97.52228
217,1.778,79.3786
218,1.7271999999999998,73.935496
219,1.8034,87.089664
220,1.651,93.893544
221,1.905,124.7378
222,1.7526,95.25432
223,1.8542,90.7184
224,1.778,75.296272
225,1.8796,95.25432
226,1.651,68.0388
227,1.778,107.501304
228,1.9304,92.98636
229,1.7526,102.965384
230,1.7018,102.511792
231,1.7271999999999998,73.028312
232,1.7526,98.883056
233,1.8034,81.64656
234,1.8034,78.017824
235,1.778,86.18248
236,1.8288,88.45044
237,1.7526,77.11064
238,1.8542,81.64656
239,1.905,102.0582
240,1.8034,102.0582
241,1.7526,79.83219199999999
242,1.7526,58.96696
243,1.8288,76.203456
244,1.8288,86.18248
245,1.6764,113.398
246,1.7271999999999998,107.047712
247,1.8542,114.305184
248,1.8542,88.45044
249,1.8288,77.564232
250,1.8034,79.83219199999999
251,1.8034,92.98636
252,1.7526,112.944408
253,1.7271999999999998,87.089664
254,1.778,78.925008
255,1.7018,72.121128
256,1.7271999999999998,78.017824
257,1.651,62.595696
258,1.651,73.028312
259,1.7018,74.84268
260,1.6764,100.697424
261,1.8034,112.944408
262,1.7018,72.57472
263,1.8034,103.418976
264,1.8034,77.564232
265,1.8034,88.45044
266,1.7018,73.935496
267,1.6764,81.64656
268,1.7018,78.925008
269,1.8542,77.11064
270,1.7271999999999998,67.131616
271,1.8034,58.96696
272,1.778,77.11064
273,1.7018,82.100152
274,1.7018,79.3786
275,1.651,72.57472
276,1.8288,82.100152
277,1.8034,68.0388
278,1.7271999999999998,78.471416
279,1.778,81.192968
280,1.905,92.532768
281,1.6764,106.140528
282,1.6764,79.3786
283,1.7271999999999998,70.30676
284,1.778,84.368112
285,1.6764,68.945984
286,1.7271999999999998,75.749864
287,1.778,74.84268
288,1.651,90.7184
289,1.905,151.95332
290,1.7526,117.026736
291,1.8796,108.86208
292,1.778,109.315672
293,1.778,71.667536
294,1.8034,70.760352
295,1.9558,120.20188
296,1.8288,75.749864
297,1.6764,94.347136
298,1.8034,119.294696
299,1.7526,73.935496
300,1.651,78.017824
301,1.8288,75.296272
302,1.8796,92.079176
303,1.7018,103.872568
304,1.8288,70.760352
305,1.651,88.904032
306,1.8288,98.883056
307,1.7018,97.975872
308,1.6764,58.513368
309,1.7018,70.30676
310,1.8288,83.91452
311,1.651,76.203456
312,1.8542,87.089664
313,1.7018,69.399576
314,1.7018,84.368112
315,1.524,70.30676
316,1.7271999999999998,74.389088
317,1.8034,73.028312
318,1.8034,106.59412
319,1.8542,116.573144
320,1.7018,92.532768
321,1.905,96.615096
322,1.651,70.760352
323,1.6764,58.96696
324,1.8288,136.0776
325,1.778,93.439952
326,1.6256,70.30676
327,1.9304,88.45044
328,1.6001999999999998,68.0388
329,1.7526,81.64656
330,1.6764,67.585208
331,1.8034,68.945984
332,1.778,68.945984
333,1.8542,92.98636
334,1.7526,100.243832
335,1.7526,99.79024
336,1.8542,122.923432
337,1.8288,91.625584
338,1.778,96.615096
339,1.778,123.830616
340,1.6256,79.83219199999999
341,1.7526,92.98636
342,1.6764,80.739376
343,1.778,68.0388
344,1.6001999999999998,56.699
345,1.8288,78.017824
346,1.8034,74.389088
347,1.7271999999999998,77.11064
348,1.8288,61.23492
349,1.8034,134.263232
350,1.8288,97.52228
351,1.8034,120.20188
352,1.8542,84.821704
353,1.8288,104.32616
354,1.8034,147.4174
355,1.8288,91.171992
356,1.8034,73.481904
357,1.7271999999999998,88.45044
358,1.8542,102.0582
359,1.6764,104.32616
360,1.7526,89.811216
361,1.8034,76.203456
362,1.778,80.28578399999999
363,1.8034,108.86208
364,1.8542,108.86208
365,1.8542,99.79024
366,1.651,56.245408
367,1.7271999999999998,99.336648
368,1.905,123.830616
369,1.7271999999999998,71.667536
370,1.8034,66.678024
371,1.7271999999999998,73.481904
372,1.6764,68.492392
373,1.6764,54.43104
374,1.778,78.017824
375,1.7271999999999998,98.429464
376,1.7271999999999998,80.739376
377,1.8542,112.944408
378,1.8796,113.398
379,1.8796,105.233344
380,1.8288,73.481904
381,1.7526,104.32616
382,1.651,56.699
383,1.8034,122.923432
384,1.7271999999999998,92.079176
385,1.7526,98.429464
386,1.778,83.007336
387,1.7018,95.25432
388,1.7271999999999998,78.925008
389,1.9304,100.697424
390,1.6764,72.57472
391,1.7271999999999998,80.28578399999999
392,1.8796,81.64656
393,1.651,73.935496
394,1.7526,77.564232
395,1.8796,108.408488
396,1.778,96.161504
397,1.8796,99.79024
398,1.7018,68.945984
399,1.6256,95.25432
400,1.778,73.935496
401,1.8034,73.935496
402,1.8542,83.91452
403,1.9304,81.192968
404,1.7018,76.203456
405,1.651,61.688512
406,1.7271999999999998,90.7184
407,1.8796,93.439952
408,1.8034,87.996848
409,1.8288,108.86208
410,1.8034,96.615096
411,1.9558,71.667536
412,1.7271999999999998,108.86208
413,1.7526,124.284208
414,1.7526,93.439952
415,1.7526,91.625584
416,1.8034,72.57472
417,1.778,100.697424
418,1.7018,117.480328
419,1.7018,59.874144
420,1.8796,104.32616
421,1.8542,83.460928
422,1.7526,73.481904
423,1.8034,71.667536
424,1.651,63.50288
425,1.8542,85.728888
426,1.7018,66.678024
427,1.7018,99.79024
428,1.7018,92.98636
429,1.7526,71.213944
430,1.651,108.86208
431,1.905,149.68536
432,1.9558,74.84268
433,1.651,81.64656
434,1.7271999999999998,76.203456
435,1.8796,84.821704
436,1.778,89.357624
437,1.8542,78.017824
438,1.7271999999999998,74.84268
439,1.9558,97.068688
440,1.6764,114.758776
441,1.8542,143.335072
442,1.6764,90.264808
443,1.7271999999999998,79.3786
444,1.7271999999999998,69.399576
445,1.8288,94.347136
446,1.7271999999999998,130.180904
447,1.7271999999999998,91.171992
448,1.7018,90.7184
449,1.7271999999999998,71.213944
450,1.651,58.96696
451,1.8288,63.50288
452,1.778,111.13004
453,1.8288,72.57472
454,1.8542,95.25432
455,1.651,74.84268
456,1.8288,87.996848
457,1.9304,113.398
458,1.778,104.32616
459,1.7526,74.84268
460,1.8288,77.11064
461,1.651,85.275296
462,1.8034,89.811216
463,1.8288,99.79024
464,1.6256,81.64656
465,1.8796,106.59412
466,1.7526,66.678024
467,1.651,70.30676
468,1.8034,97.068688
469,1.7018,64.410064
470,1.905,91.171992
471,1.7018,120.20188
472,1.7018,100.697424
473,1.6764,96.161504
474,1.7526,103.872568
475,1.8542,108.408488
476,1.7271999999999998,94.347136
477,1.651,82.553744
478,1.8034,98.883056
479,1.7526,97.52228
480,1.778,94.347136
481,1.7526,113.398
482,1.6256,74.389088
483,1.6001999999999998,72.121128
484,1.6764,82.553744
485,1.6764,90.7184
486,1.7271999999999998,107.954896
487,1.905,98.429464
488,1.7526,83.007336
489,1.8796,110.676448
490,1.7526,94.347136
491,1.778,92.98636
492,1.905,52.616672
493,1.6764,93.893544
494,1.9304,81.64656
495,1.651,101.151016
496,1.7526,88.904032
497,1.6764,88.904032
498,1.7271999999999998,104.32616
499,1.7018,97.52228
500,1.8288,127.00576
501,1.8034,92.079176
502,1.8796,102.0582
503,1.6764,103.872568
504,1.8034,87.543256
505,1.8034,91.171992
506,1.9304,108.86208
507,1.7271999999999998,86.18248
508,1.8542,115.66596
509,1.651,57.606184
510,1.8542,99.336648
511,1.778,102.0582
512,1.6001999999999998,79.83219199999999
513,1.7526,74.389088
514,1.6764,85.728888
515,1.6764,88.45044
516,1.8288,78.925008
517,1.8542,85.275296
518,1.6256,78.017824
519,1.8542,115.212368
520,1.7271999999999998,90.264808
521,1.778,98.429464
522,1.6764,92.532768
523,1.8034,94.800728
524,1.8288,122.46984
525,1.6764,98.429464
526,1.7018,56.245408
527,1.5748,54.43104
528,1.8288,70.30676
529,1.9558,108.86208
530,1.8542,96.161504
531,1.7018,64.863656
532,1.6256,63.50288
533,1.8542,97.52228
534,1.8542,89.357624
535,1.778,94.800728
536,1.7526,89.357624
537,1.6764,74.389088
538,1.6764,92.98636
539,1.8034,96.161504
540,1.8288,97.068688
541,1.9304,122.46984
542,1.7018,91.625584
543,1.7271999999999998,85.728888
544,1.7526,78.471416
545,1.8542,104.779752
546,1.8034,127.912944
547,1.9558,127.00576
548,1.8796,74.84268
549,2.0066,99.79024
550,1.7271999999999998,131.54168
551,1.8288,107.047712
552,1.7018,56.699
553,1.651,122.46984
554,1.8796,64.863656
555,1.8542,72.57472
556,1.8542,135.624008
557,1.9304,102.965384
558,1.8542,111.583632
559,1.8034,62.595696
560,1.8542,122.46984
561,1.6764,92.079176
562,1.8796,97.52228
563,1.5748,58.96696
564,1.778,110.222856
565,1.6256,91.625584
566,1.8542,117.93392
567,1.6256,64.863656
568,1.7018,86.18248
569,1.6764,79.83219199999999
570,1.6764,69.853168
571,1.8288,116.573144
572,1.8542,97.068688
573,1.524,77.11064
574,1.6764,77.564232
575,1.8796,88.45044
576,1.905,88.45044
577,1.7018,112.944408
578,1.7271999999999998,65.317248
579,1.6764,112.944408
580,1.7526,117.93392
581,1.8796,131.54168
582,1.7018,70.760352
583,1.8796,79.3786
584,1.8542,113.398
585,1.651,80.739376
586,1.8034,131.54168
587,1.8542,181.890392
588,1.7018,80.739376
589,1.8542,103.872568
590,1.7018,58.96696
591,1.7271999999999998,83.460928
592,1.8288,105.686936
593,1.905,113.398
594,1.651,92.98636
595,1.8288,115.66596
596,1.8288,92.98636
597,1.7018,86.636072
598,1.7526,103.418976
599,1.8034,132.448864
600,1.6764,94.800728
601,1.8542,75.749864
602,1.8542,109.315672
603,1.6001999999999998,70.30676
604,1.8288,113.398
605,1.8542,79.3786
606,1.9304,140.61352
607,1.8288,142.88148
608,1.8034,126.098576
609,1.6001999999999998,54.43104
610,1.5494,60.781328
611,1.651,83.91452
612,1.7018,81.64656
613,1.6764,70.30676
614,1.7526,108.86208
615,1.8542,122.016248
616,1.8034,98.429464
617,1.8288,119.294696
618,1.8034,100.697424
619,1.905,119.294696
620,1.7018,85.275296
621,1.8034,90.264808
622,1.6764,60.781328
623,1.905,115.66596
624,1.905,107.954896
625,1.651,86.18248
626,1.9304,68.0388
627,1.7018,77.564232
628,1.905,76.203456
629,1.905,81.64656
630,1.7271999999999998,89.811216
631,1.7271999999999998,167.82904
632,1.8034,109.769264
633,1.778,101.604608
634,1.8288,135.170416
635,1.9304,103.872568
636,1.651,89.357624
637,1.8542,100.243832
638,1.6256,68.0388
639,1.6001999999999998,80.739376
640,1.7271999999999998,61.688512
641,1.6256,120.20188
642,1.778,117.93392
643,1.6764,70.760352
644,1.7018,108.86208
645,1.778,79.83219199999999
646,1.7271999999999998,95.25432
647,1.8796,123.830616
648,1.778,66.678024
649,1.9558,79.3786
650,1.651,65.77083999999999
651,1.6256,87.089664
652,1.6764,73.481904
653,1.8034,91.625584
654,1.8034,80.739376
655,1.9558,95.25432
656,1.905,101.151016
657,1.5748,74.84268
658,1.6001999999999998,94.347136
659,1.7526,119.294696
660,1.8796,133.80964
661,1.778,86.636072
662,1.8796,72.57472
663,1.7526,93.893544
664,1.8796,85.275296
665,1.651,71.667536
666,1.8288,96.615096
667,1.8288,87.543256
668,1.8034,117.93392
669,1.7271999999999998,76.657048
670,1.7018,106.59412
671,1.778,127.00576
672,1.6256,64.410064
673,1.7018,98.883056
674,1.905,110.222856
675,1.6764,95.25432
676,1.651,77.11064
677,1.7526,116.573144
678,1.778,67.585208
679,1.7526,116.119552
680,1.6764,101.604608
681,1.8542,83.007336
682,1.7018,80.28578399999999
683,1.7526,84.368112
684,1.905,93.893544
685,1.7526,83.460928
686,1.8034,66.224432
687,1.7271999999999998,63.956472
688,1.9558,113.398
689,1.7271999999999998,87.996848
690,1.7271999999999998,107.501304
691,1.7018,89.811216
692,1.6764,61.23492
693,1.524,62.595696
694,1.7271999999999998,92.532768
695,1.8796,121.109064
696,1.8034,124.7378
697,1.6764,66.678024
698,1.6764,65.317248
699,1.7526,87.089664
700,2.0828,97.52228
701,1.8034,82.100152
702,1.8288,82.553744
703,1.8796,111.13004
704,1.9304,98.883056
705,1.778,91.625584
706,1.8034,107.954896
707,1.7526,73.028312
708,1.8034,115.66596
709,1.8288,181.4368
710,1.7018,104.779752
711,1.7018,109.315672
712,1.7526,85.728888
713,1.9304,125.191392
714,1.7271999999999998,97.52228
715,1.5748,52.16308
716,1.8288,102.965384
717,1.9304,105.686936
718,1.7526,78.017824
719,1.6001999999999998,43.998424
720,1.7018,67.131616
721,1.7018,97.068688
722,1.905,86.636072
723,1.9304,95.25432
724,1.778,76.203456
725,1.8288,108.408488
726,1.7526,76.203456
727,1.778,106.59412
728,1.8288,103.418976
729,1.6001999999999998,62.595696
730,1.7018,96.161504
731,1.905,129.27372
732,1.8542,120.20188
733,1.7271999999999998,85.275296
734,1.8288,117.93392
735,1.651,83.007336
736,1.6001999999999998,86.18248
737,1.8288,86.636072
738,1.8796,91.171992
739,1.6764,62.142104
740,1.7271999999999998,101.604608
741,1.8796,83.460928
742,1.8034,122.46984
743,1.7018,124.7378
744,1.8796,102.965384
745,1.8288,79.83219199999999
746,1.778,80.739376
747,1.6256,131.54168
748,1.6764,78.017824
749,1.524,71.667536
750,1.651,116.573144
751,1.6001999999999998,63.50288
752,1.6764,102.965384
753,1.6256,67.585208
754,1.5494,102.965384
755,1.651,79.3786
756,1.7018,68.492392
757,1.6256,76.203456
758,1.6764,53.070264
759,1.6256,56.245408
760,1.8034,121.562656
761,1.8288,94.800728
762,1.7526,129.27372
763,1.7271999999999998,165.107488
764,1.651,69.399576
765,1.8034,136.0776
766,1.6001999999999998,73.028312
767,1.778,87.089664
768,2.1082,147.870992
769,1.905,99.79024
770,1.6764,102.0582
771,1.8288,135.624008
772,1.7018,78.017824
773,1.905,143.788664
774,1.8034,93.893544
775,1.9812,149.68536
776,1.6764,56.699
777,1.8796,92.98636
778,1.778,92.532768
779,1.8542,111.13004
780,1.7271999999999998,100.697424
781,1.7526,76.657048
782,1.7018,88.904032
783,1.9558,145.14944
784,1.8542,74.84268
785,1.6764,75.296272
786,1.7526,66.224432
787,1.8034,111.13004
788,1.778,98.883056
789,1.8288,85.275296
790,1.7271999999999998,82.553744
791,1.8288,71.667536
792,1.7271999999999998,56.699
793,1.7271999999999998,105.233344
794,1.8288,92.532768
795,1.778,142.88148
796,1.9304,102.0582
797,1.6764,75.749864
798,1.905,102.511792
799,1.778,91.171992
800,1.651,82.100152
801,1.6764,107.954896
802,1.8034,84.368112
803,1.7526,112.037224
804,1.7526,115.66596
805,1.6001999999999998,81.64656
806,1.6764,124.284208
807,1.651,107.047712
808,1.7526,86.636072
809,1.6764,73.935496
810,1.7271999999999998,58.513368
811,1.905,108.408488
812,1.905,103.872568
813,1.778,83.460928
814,1.8288,93.439952
815,1.778,124.7378
816,1.7018,81.192968
817,1.8034,113.398
818,1.905,98.883056
819,1.5748,77.11064
820,1.8542,131.54168
821,1.7018,111.13004
822,1.778,102.965384
823,1.6256,89.357624
824,1.6001999999999998,67.585208
825,1.6764,86.636072
826,1.8034,107.047712
827,1.778,110.676448
828,1.9812,99.79024
829,1.8034,110.222856
830,1.8288,98.429464
831,1.7018,102.0582
832,1.8034,105.233344
833,1.7018,95.707912
834,1.8034,116.573144
835,1.7018,69.853168
836,1.7526,155.582056
837,1.6764,84.368112
838,1.6764,87.089664
839,1.7018,94.800728
840,1.8542,136.0776
841,1.8796,116.119552
842,1.6256,78.471416
843,1.778,84.821704
844,1.6764,105.233344
845,1.651,79.83219199999999
846,1.6764,87.543256
847,1.7018,110.676448
848,1.8288,69.399576
849,1.778,61.23492
850,1.7526,69.853168
851,1.7018,93.893544
852,1.778,78.471416
853,1.651,69.853168
854,1.8796,127.00576
855,1.7018,83.007336
856,1.7271999999999998,93.893544
857,1.6256,74.84268
858,1.8288,128.366536
859,1.7526,67.585208
860,1.8034,112.490816
861,1.6764,72.121128
862,1.8542,143.788664
863,1.905,108.86208
864,1.5748,70.30676
865,1.7526,75.296272
866,1.651,66.224432
867,1.8542,117.026736
868,1.7526,90.264808
869,1.8542,118.841104
870,1.778,85.728888
871,1.8542,92.532768
872,1.651,80.28578399999999
873,1.8288,89.357624
874,1.8034,149.68536
875,1.905,150.592544
876,1.905,111.13004
877,1.778,69.399576
878,1.8288,105.233344
879,1.8542,118.387512
880,1.6764,78.925008
881,1.8034,81.192968
882,1.8796,92.532768
883,1.6256,119.294696
884,1.6256,77.11064
885,1.8034,138.34556
886,1.8288,110.676448
887,2.1082,83.460928
888,1.7271999999999998,92.98636
889,1.7018,79.83219199999999
890,2.032,145.14944
891,1.7271999999999998,140.159928
892,1.8796,82.553744
893,1.8288,150.592544
894,1.6001999999999998,90.7184
895,1.8542,94.800728
896,1.6001999999999998,69.853168
897,1.7018,84.821704
898,1.778,149.68536
899,1.8796,111.583632
900,1.7526,136.0776
901,1.778,104.779752
902,1.8288,68.945984
903,1.8034,117.026736
904,2.032,117.93392
905,1.8288,113.851592
906,1.7271999999999998,120.655472
907,1.7526,110.222856
908,1.9558,106.59412
909,1.8796,87.996848
910,1.8288,124.7378
911,1.8796,76.203456
912,1.8034,83.007336
913,1.7271999999999998,96.161504
914,1.651,88.45044
915,1.7526,97.975872
916,1.7526,107.501304
917,1.651,99.79024
918,1.7526,102.511792
919,1.778,122.46984
920,1.8034,85.728888
921,2.1082,106.59412
922,1.7018,107.047712
923,1.7018,113.398
924,1.7526,80.739376
925,1.8542,163.29312
926,1.8288,68.492392
927,1.9558,97.975872
928,1.6764,71.213944
929,1.778,71.213944
930,1.7526,71.667536
931,1.6256,58.96696
932,1.8288,84.821704
933,1.8796,77.11064
934,1.8542,126.552168
935,1.7018,101.604608
936,1.8542,90.264808
937,1.7018,122.46984
938,1.778,112.944408
939,1.8542,107.047712
940,1.778,118.841104
941,1.6256,72.57472
942,1.8542,142.88148
943,1.7018,71.213944
944,1.7271999999999998,109.769264
945,1.7018,104.32616
946,1.905,74.84268
947,1.8542,117.480328
948,1.6764,67.131616
949,1.8542,98.429464
950,1.6256,75.749864
951,1.9304,133.356048
952,1.6764,71.667536
953,1.7271999999999998,114.305184
954,1.9304,97.975872
955,1.8542,140.61352
956,1.7271999999999998,106.140528
957,1.7526,131.54168
958,1.778,114.758776
959,1.7526,78.925008
960,1.8288,74.389088
961,1.8796,112.490816
962,1.651,104.779752
963,1.8542,92.079176
964,1.8542,84.368112
965,1.7271999999999998,97.975872
966,1.8796,122.46984
967,1.7271999999999998,117.93392
968,1.778,82.100152
969,1.8542,56.699
970,1.6256,127.00576
971,1.7271999999999998,66.678024
972,1.8288,89.811216
973,1.651,89.811216
974,1.905,133.80964
975,1.7526,127.00576
976,1.7526,63.956472
977,1.905,87.089664
978,1.651,73.481904
979,1.7526,65.317248
980,1.8288,85.728888
981,1.7271999999999998,86.636072
982,1.6764,62.595696
983,1.905,117.026736
984,1.8034,94.347136
985,1.778,93.893544
986,2.1082,90.7184
987,1.778,103.418976
988,1.7018,74.389088
989,1.651,109.769264
990,1.9304,127.00576
991,1.778,59.874144
992,1.7271999999999998,113.398
993,1.8034,102.965384
994,1.7018,61.23492
995,1.8288,115.212368
996,1.7526,145.14944
997,1.6764,121.109064
998,1.7271999999999998,64.863656
999,1.8796,96.615096
1000,1.8034,72.121128
1001,1.778,99.336648
1002,1.7018,73.481904
1003,1.778,63.50288
1004,1.6764,64.410064
1005,1.905,117.93392
1006,1.8034,78.925008
1007,1.5748,90.7184
1008,1.8034,112.037224
1009,1.8034,106.140528
1010,1.6256,116.573144
1011,1.8288,156.48924
1012,1.7526,100.697424
1013,1.8542,127.459352
1014,1.8034,146.510216
1015,1.7271999999999998,84.368112
1016,1.9812,113.398
1017,1.8542,124.7378
1018,1.7018,111.583632
1019,1.6256,104.32616
1020,1.778,103.872568
1021,1.8288,87.089664
1022,1.7526,115.212368
1023,1.8542,185.97272
1024,1.7271999999999998,88.904032
1025,1.7018,158.7572
1026,1.8288,109.769264
1027,1.7271999999999998,79.83219199999999
1028,1.9304,97.52228
1029,1.6256,70.760352
1030,1.8542,127.00576
1031,1.8034,111.583632
1032,1.8796,97.975872
1033,1.9558,93.893544
1034,1.7526,106.140528
1035,1.7018,115.66596
1036,1.9304,133.80964
1037,1.7018,127.00576
1038,1.778,129.27372
1039,1.7271999999999998,94.800728
1040,1.7526,99.336648
1041,1.6764,108.86208
1042,1.6001999999999998,74.389088
1043,1.8034,118.841104
1044,1.6256,67.131616
1045,1.778,65.77083999999999
1046,1.8288,74.84268
1047,1.905,92.98636
1048,1.8034,75.296272
1049,1.7271999999999998,75.296272
1050,1.8796,99.336648
1051,1.8542,106.59412
1052,1.8034,127.00576
1053,1.651,86.636072
1054,1.8796,129.27372
1055,1.8288,125.644984
1056,1.778,87.543256
1057,1.8796,120.20188
1058,1.7526,122.923432
1059,1.5494,65.77083999999999
1060,1.5494,75.749864
1061,1.6001999999999998,107.501304
1062,1.7271999999999998,103.872568
1063,1.5494,82.100152
1064,1.651,64.863656
1065,1.7018,105.686936
1066,1.6001999999999998,75.296272
1067,1.6256,66.678024
1068,1.6256,69.853168
1069,1.4986,66.224432
1070,1.6764,83.007336
1071,1.6001999999999998,96.615096
1072,1.651,128.366536
1073,1.6764,111.13004
1074,1.7018,133.356048
1075,1.7018,93.439952
1076,1.5748,104.32616
1077,1.651,106.59412
1078,1.651,98.429464
1079,1.7018,103.418976
1080,1.651,113.851592
1081,1.6764,63.049288
1082,1.651,103.418976
1083,1.6256,82.553744
1084,1.5748,71.667536
1085,1.7018,127.459352
1086,1.6001999999999998,99.336648
1087,1.6256,87.543256
1089,1.8034,63.50288
1090,1.905,136.0776
1091,1.778,85.275296
1092,1.8034,139.252744
1093,1.778,62.595696
1094,1.8796,101.151016
1095,1.7526,87.543256
1096,1.8542,82.553744
1097,1.8288,99.336648
1098,1.8034,67.131616
1099,1.7018,105.233344
1100,1.8288,117.480328
1101,1.905,80.739376
1102,1.7526,122.46984
1103,1.8288,100.697424
1104,1.8288,136.984784
1105,1.778,114.305184
1106,1.6764,97.975872
1107,1.8034,78.471416
1108,1.6001999999999998,73.481904
1109,1.8034,99.336648
1110,1.7271999999999998,77.564232
1111,1.778,120.655472
1112,1.7526,97.068688
1113,1.8034,61.23492
1114,1.7526,60.327736
1115,1.7526,82.100152
1116,1.8288,71.213944
1117,1.7271999999999998,61.23492
1118,1.8796,84.368112
1119,1.8034,114.758776
1120,1.8796,85.728888
1121,1.7526,91.171992
1122,1.6764,106.59412
1123,1.651,64.410064
1124,1.905,85.275296
1125,1.9304,99.79024
1126,1.8796,101.604608
1127,1.6001999999999998,113.398
1128,1.8288,119.748288
1129,1.8542,88.904032
1130,1.651,84.821704
1131,1.7271999999999998,111.13004
1132,1.8796,95.707912
1133,1.9812,120.655472
1134,1.8542,110.676448
1135,1.8288,122.923432
1136,1.778,101.151016
1137,1.9812,115.66596
1138,1.6001999999999998,88.45044
1139,1.8542,68.0388
1140,1.778,87.996848
1141,1.778,130.634496
1142,1.905,78.925008
1143,1.8288,88.904032
1144,1.7271999999999998,120.20188
1145,1.7018,83.460928
1146,1.9812,95.25432
1147,1.8542,80.739376
1148,1.905,84.368112
1149,1.9304,117.93392
1150,1.8796,105.686936
1151,1.7018,52.16308
1152,1.6001999999999998,82.100152
1153,1.7271999999999998,66.224432
1154,1.7526,120.20188
1155,1.8796,172.36496
1156,1.7526,107.954896
1157,1.6256,57.152592
1158,1.8288,118.387512
1159,1.778,97.975872
1160,1.7271999999999998,62.142104
1161,1.7018,71.667536
1162,1.7526,94.800728
1163,1.8034,110.676448
1164,1.9304,83.007336
1165,1.778,125.644984
1166,1.7271999999999998,111.583632
1167,1.778,122.923432
1168,1.905,80.28578399999999
1169,1.8796,66.224432
1170,1.7526,105.233344
1171,1.7271999999999998,63.049288
1172,1.8796,116.573144
1173,1.9304,103.418976
1174,1.6256,94.347136
1175,1.8288,78.471416
1176,1.8288,120.20188
1177,1.9558,131.54168
1178,1.9304,92.532768
1179,1.7018,87.543256
1180,1.8796,73.028312
1181,1.905,68.945984
1182,1.8288,65.77083999999999
1183,1.9304,107.954896
1184,1.7271999999999998,109.315672
1185,1.8034,129.27372
1186,1.651,61.23492
1187,1.6256,71.667536
1188,1.7526,56.699
1189,1.7526,81.192968
1190,1.651,53.977448
1191,1.7526,69.399576
1192,1.7526,111.583632
1193,1.6001999999999998,122.46984
1194,1.8288,140.61352
1195,1.778,136.984784
1196,1.8034,104.779752
1197,1.8796,71.667536
1198,1.778,107.954896
1199,1.905,130.180904
1200,1.905,131.54168
1201,1.651,92.079176
1202,1.9304,138.34556
1203,1.7271999999999998,105.686936
1204,1.6256,69.399576
1205,1.778,151.499728
1206,1.6256,98.883056
1207,1.6764,76.203456
1208,1.8796,91.625584
1209,1.778,97.068688
1210,1.8796,106.140528
1211,1.778,138.799152
1212,1.8034,133.80964
1213,1.7271999999999998,116.119552
1214,1.9304,145.14944
1215,1.905,101.604608
1216,1.7526,149.68536
1217,1.6256,83.91452
1218,1.6256,79.3786
1219,1.905,90.264808
1220,1.7271999999999998,72.121128
1221,1.8034,125.191392
1222,1.6764,61.688512
1223,1.7018,90.264808
1224,1.8034,108.408488
1225,1.7271999999999998,166.921856
1226,1.651,97.52228
1227,1.778,119.748288
1228,1.9558,159.66438399999998
1229,1.6764,117.93392
1230,1.8034,101.151016
1231,1.905,142.88148
1232,1.6256,88.45044
1233,1.8796,140.159928
1234,1.8288,59.420552
1235,1.7526,68.945984
1236,1.8542,94.347136
1237,1.5494,104.779752
1238,1.7018,107.501304
1239,1.8542,147.4174
1240,1.6256,73.935496
1241,1.9558,140.61352
1242,1.8542,133.80964
1243,1.8034,142.88148
1244,1.905,86.18248
1245,1.7271999999999998,139.706336
1246,1.7526,61.23492
1247,1.905,138.34556
1248,1.7526,64.410064
1249,1.8288,83.007336
1250,1.7526,134.716824
1251,1.905,127.00576
1252,1.8796,74.389088
1253,1.8542,89.811216
1254,1.9558,161.02516
1255,1.905,107.047712
1256,1.8542,120.655472
1257,1.9558,79.83219199999999
1258,1.778,70.760352
1259,1.778,73.028312
1260,1.8796,117.480328
1261,1.7018,85.728888
1262,1.9812,83.007336
1263,1.7271999999999998,81.192968
1264,1.6001999999999998,65.317248
1265,1.8542,106.140528
1266,2.1082,69.399576
1267,1.905,56.699
1268,1.6256,85.275296
1269,1.7018,87.996848
1270,1.8796,75.296272
1271,1.905,97.52228
1272,1.905,136.984784
1273,1.7271999999999998,60.327736
1274,1.8288,106.140528
1275,1.651,96.161504
1276,1.7526,127.459352
1277,1.8796,94.347136
1278,1.7271999999999998,119.748288
1279,1.9304,113.851592
1280,1.8288,76.657048
1281,1.8542,96.615096
1282,1.6001999999999998,72.57472
1283,1.6764,111.583632
1284,1.8796,78.471416
1285,2.0066,106.59412
1286,1.6764,89.811216
1287,1.8542,77.564232
1288,1.6764,82.100152
1289,1.8034,82.553744
1290,1.7526,62.142104
1291,1.8796,90.264808
1292,1.651,78.471416
1293,1.7018,75.749864
1294,1.7526,104.779752
1295,1.8542,91.171992
1296,1.651,113.398
1297,1.8288,149.68536
1298,1.8542,102.511792
1299,1.8796,120.655472
1300,1.8542,69.399576
1301,1.8288,64.863656
1302,1.8796,68.0388
1303,1.8796,126.552168
1304,1.9304,96.161504
1305,1.7018,67.585208
1306,1.7271999999999998,127.00576
1307,1.7271999999999998,126.552168
1308,1.6764,91.625584
1309,1.5748,57.152592
1310,1.7271999999999998,136.0776
1311,1.8796,124.7378
1312,1.7018,117.026736
1313,1.7271999999999998,95.707912
1314,1.7018,100.243832
1315,1.8034,118.387512
1316,1.9558,117.93392
1317,1.9558,114.758776
1318,1.6764,123.377024
1319,1.9558,106.140528
1320,1.8542,63.50288
1321,1.5494,101.604608
1322,1.7271999999999998,89.357624
1323,1.7526,118.841104
1324,1.905,92.079176
1325,1.7018,82.553744
1326,1.8542,132.902456
1327,1.8034,55.791816
1328,1.8542,75.296272
1329,1.651,71.213944
1330,1.8542,107.954896
1331,1.8034,92.532768
1332,1.7018,106.140528
1333,1.6256,94.800728
1334,1.8796,80.739376
1335,1.651,68.492392
1336,1.8288,107.501304
1337,1.7271999999999998,113.851592
1338,1.7526,85.275296
1339,1.7018,63.956472
1340,1.778,75.749864
1341,1.8542,86.636072
1342,1.7526,72.121128
1343,1.9304,76.203456
1344,1.5748,86.636072
1345,1.8796,78.925008
1346,1.7271999999999998,69.853168
1347,1.524,68.0388
1348,1.651,76.657048
1349,1.905,105.686936
1350,1.7018,61.688512
1351,1.8288,84.368112
1352,1.905,117.480328
1353,2.032,127.00576
1354,1.7526,109.769264
1355,1.8288,112.944408
1356,1.8034,130.180904
1357,1.651,75.296272
1358,1.7526,119.748288
1359,1.6764,91.171992
1361,1.8542,148.324584
1362,1.9304,104.32616
1363,1.651,81.192968
1364,1.8796,121.562656
1365,1.778,64.410064
1366,2.032,140.61352
1367,1.9304,80.739376
1368,1.651,67.131616
1369,1.9304,86.18248
1370,1.7271999999999998,154.22128
1371,1.8796,100.243832
1372,1.905,73.481904
1373,1.8542,119.748288
1374,1.905,79.83219199999999
1375,1.524,97.52228
1376,1.905,104.32616
1377,1.6001999999999998,92.98636
1378,1.8034,64.863656
1379,1.7271999999999998,129.27372
1380,1.8796,147.4174
1381,1.778,102.511792
1382,1.9304,120.20188
1383,1.905,133.356048
1384,1.8796,88.904032
1385,1.6764,119.748288
1386,1.8542,73.481904
1387,1.905,77.11064
1388,1.7018,94.347136
1389,1.8796,98.429464
1390,1.8034,134.716824
1391,1.9304,128.820128
1392,1.905,107.501304
1393,1.905,100.243832
1394,1.8288,112.037224
1395,1.905,109.769264
1396,1.6256,72.121128
1397,1.8034,75.749864
1398,1.9558,104.32616
1399,1.8542,167.375448
1400,1.8034,123.377024
1401,1.8796,118.387512
1402,1.9558,92.98636
1403,1.8542,156.48924
1404,1.8542,69.853168
1405,1.8796,129.727312
1406,1.5748,79.3786
1407,1.6764,78.471416
1408,1.6256,83.007336
1409,1.6764,129.27372
1410,1.778,112.490816
1411,1.7018,60.327736
1412,1.8288,101.151016
1413,1.6256,68.492392
1414,1.7271999999999998,102.965384
1416,1.8034,109.315672
1417,1.7526,101.604608
1418,1.8542,102.965384
1419,1.8288,81.192968
1420,1.8288,110.222856
1421,1.7018,112.037224
1422,1.8796,124.284208
1423,1.8542,146.510216
1424,1.8288,131.54168
1425,1.5748,73.481904
1426,1.5748,95.25432
1427,1.7018,96.615096
1428,1.8034,139.706336
1429,1.5748,96.615096
1430,1.651,63.049288
1431,1.651,67.585208
1432,1.6256,83.460928
1433,1.651,58.513368
1434,1.6256,50.348712
1435,1.6001999999999998,80.28578399999999
1436,1.651,108.408488
1437,1.778,115.66596
1438,1.6256,73.028312
1439,1.7018,137.438376
1440,1.6256,56.699
1441,1.5494,63.049288
1442,1.5748,96.161504
1443,1.6256,80.28578399999999
1444,1.6001999999999998,102.511792
1445,1.5748,68.492392
1446,1.5494,80.739376
1447,1.651,84.368112
1448,1.6001999999999998,73.935496
1449,1.6256,71.213944
1450,1.6256,80.739376
1451,1.5748,79.83219199999999
1452,1.6001999999999998,58.059776
1453,1.5748,99.79024
1454,1.6001999999999998,82.553744
1455,1.6001999999999998,92.079176
1456,1.6256,92.98636
1457,1.6001999999999998,105.233344
1458,1.651,85.728888
1459,1.6764,73.028312
1460,1.651,119.748288
1461,1.6256,103.872568
1462,1.5748,58.059776
1463,1.6001999999999998,93.893544
1464,1.6001999999999998,39.008912
1465,1.5748,68.0388
1466,1.5494,69.399576
1467,1.6764,142.88148
1468,1.4478,50.802304
1469,1.5748,105.686936
1470,1.6256,87.996848
1471,1.524,94.347136
1472,1.6256,107.954896
1473,1.778,147.870992
1474,1.8542,95.707912
1475,1.8796,107.954896
1476,1.778,133.356048
1477,1.9304,116.573144
1478,1.651,78.925008
1479,1.8288,107.954896
1480,1.6001999999999998,77.11064
1481,1.6256,149.68536
1482,1.8288,130.634496
1483,1.6256,78.925008
1484,1.8542,116.119552
1485,1.6764,96.615096
1486,1.6256,65.317248
1487,1.7271999999999998,96.615096
1488,1.8288,138.34556
1489,1.778,108.408488
1490,1.6256,90.7184
1491,1.905,121.562656
1492,1.8288,126.098576
1493,1.8542,80.28578399999999
1494,1.778,120.20188
1495,1.905,77.564232
1496,1.778,67.131616
1497,1.8542,133.356048
1498,1.8796,136.0776
1499,1.6764,80.28578399999999
1500,1.8542,125.191392
1501,1.6764,112.490816
1502,1.9304,83.91452
1503,1.778,122.016248
1504,1.7526,68.492392
1505,1.5748,76.657048
1506,1.9558,90.7184
1507,1.5748,70.760352
1508,1.8796,135.624008
1509,1.8542,158.7572
1510,1.905,144.242256
1511,1.905,139.706336
1512,1.8796,102.511792
1513,1.8034,117.480328
1514,1.905,97.975872
1515,1.6256,75.296272
1516,1.6764,50.802304
1517,1.7018,65.317248
1518,1.6256,90.264808
1519,1.9304,88.904032
1520,1.8542,74.389088
1521,1.651,94.800728
1522,1.8034,121.109064
1523,1.8034,113.851592
1524,1.651,7.711064
1525,1.8542,112.490816
1526,1.6001999999999998,74.84268
1527,1.7271999999999998,102.511792
1528,1.9304,72.57472
1529,1.778,95.707912
1530,1.7526,127.912944
1531,1.7271999999999998,68.492392
1532,1.6001999999999998,92.532768
1533,1.6001999999999998,53.070264
1534,1.6764,66.224432
1535,1.6256,58.059776
1536,1.7018,62.142104
1537,1.8796,100.697424
1538,1.8542,87.543256
1539,1.6256,52.616672
1540,1.7018,89.357624
1541,1.7018,76.657048
1542,1.5748,115.66596
1543,1.9812,154.22128
1544,1.7526,107.047712
1545,1.651,127.00576
1546,1.7526,113.851592
1547,1.778,106.140528
1548,1.905,116.119552
1549,1.5494,63.50288
1550,1.8796,146.056624
1551,1.8034,107.501304
1552,1.8034,47.62716
1553,1.651,156.035648
1554,1.8542,110.222856
1555,1.7271999999999998,124.7378
1556,1.6001999999999998,99.79024
1557,1.9304,154.22128
1558,1.9304,124.7378
1559,1.905,122.46984
1560,1.778,105.233344
1561,1.4478,58.96696
1562,1.8542,58.96696
1563,1.6764,63.956472
1564,1.9812,116.119552
1565,1.8034,89.357624
1566,1.8542,129.27372
1567,1.6256,55.791816
1568,1.7018,63.049288
1569,1.8796,87.543256
1570,1.8542,123.377024
1571,1.651,114.305184
1572,1.9304,131.54168
1573,1.9304,119.748288
1574,1.5494,74.84268
1575,1.7271999999999998,67.585208
1576,1.6256,63.049288
1577,1.7526,114.305184
1578,1.8796,154.22128
1579,1.8796,112.944408
1580,2.0066,97.52228
1581,1.6256,89.811216
1582,1.7271999999999998,62.595696
1583,1.778,121.109064
1584,1.8542,65.317248
1585,1.778,72.121128
1586,1.6256,65.77083999999999
1587,1.8542,119.294696
1588,1.7271999999999998,127.912944
1589,1.7526,87.996848
1590,1.9558,86.18248
1591,1.7018,92.079176
1592,1.905,87.996848
1593,1.8034,105.686936
1594,1.778,140.61352
1595,1.8288,83.460928
1596,1.778,60.781328
1597,1.651,130.180904
1598,1.778,74.389088
1599,1.7018,102.965384
1600,1.7271999999999998,142.88148
1601,1.6256,92.532768
1602,1.8542,93.439952
1603,1.8288,67.585208
1604,1.778,131.54168
1605,1.7018,120.655472
1606,1.5748,82.553744
1607,1.7526,163.29312
1608,1.8542,141.974296
1609,1.6764,55.338224
1610,1.6256,86.18248
1611,1.8034,103.872568
1612,1.8542,112.037224
1613,1.7018,128.820128
1614,1.8796,96.161504
1615,1.7271999999999998,98.883056
1616,1.8796,115.66596
1617,1.8288,130.180904
1618,1.7271999999999998,87.543256
1619,1.8288,100.243832
1620,1.8034,69.399576
1621,1.6764,126.098576
1622,1.8288,117.026736
1623,1.8796,81.192968
1624,1.7526,149.231768
1625,1.6256,68.945984
1626,1.651,87.543256
1627,1.7526,156.48924
1628,1.7271999999999998,59.874144
1629,1.7271999999999998,158.303608
1630,1.9304,98.429464
1631,1.9304,106.140528
1632,1.9558,98.429464
1633,1.6001999999999998,104.32616
1634,1.7018,99.336648
1635,1.8542,134.716824
1636,1.5748,67.585208
1637,1.8288,104.779752
1638,1.8796,87.089664
1639,1.9304,92.079176
1640,1.651,57.152592
1641,1.9558,126.098576
1642,1.778,61.688512
1643,1.8796,98.883056
1644,1.8542,107.501304
1645,2.1082,97.52228
1646,1.7271999999999998,110.222856
1647,1.8034,116.119552
1648,1.905,122.016248
1649,1.8542,132.448864
1650,1.9812,83.91452
1651,1.6764,69.399576
1652,1.9812,98.883056
1653,1.9558,147.4174
1654,1.7526,118.387512
1655,1.778,133.80964
1656,1.651,107.501304
1657,1.7271999999999998,119.294696
1658,1.9304,111.13004
1659,1.9304,130.634496
1660,1.7271999999999998,112.490816
1661,1.8288,57.606184
1662,1.6764,120.20188
1663,1.6764,109.769264
1664,1.6256,51.709488
1665,1.8542,100.697424
1666,1.8796,126.098576
1667,1.8288,73.935496
1668,1.9558,94.347136
1669,1.7271999999999998,112.037224
1670,1.905,140.61352
1671,1.7018,55.791816
1672,1.651,102.511792
1673,1.8542,66.224432
1674,1.6001999999999998,84.821704
1675,1.651,117.93392
1676,2.0066,113.398
1677,1.6256,76.657048
1678,1.7526,105.686936
1679,2.1082,92.079176
1680,1.905,91.625584
1681,1.5494,96.161504
1682,1.7271999999999998,140.61352
1683,1.9304,82.553744
1684,1.8796,136.984784
1685,1.5494,68.945984
1686,1.8034,126.552168
1687,1.7018,150.592544
1688,1.8796,109.769264
1689,1.8796,140.61352
1690,1.8542,137.438376
1691,1.651,97.068688
1692,1.5748,112.037224
1693,1.7526,125.644984
1694,1.7271999999999998,149.68536
1695,1.7526,174.179328
1696,1.9812,104.32616
1697,1.7526,41.730464
1698,1.5494,97.52228
1699,1.7271999999999998,112.944408
1700,1.6001999999999998,61.23492
1701,1.6001999999999998,77.564232
1702,1.8542,105.233344
1703,1.9304,107.047712
1704,1.9812,145.14944
1705,1.778,125.191392
1706,1.7271999999999998,122.46984
1707,1.905,95.707912
1708,1.905,120.655472
1709,1.905,83.460928
1710,1.8542,113.851592
1711,1.651,62.142104
1712,1.524,61.23492
1713,1.651,68.945984
1714,1.7018,129.27372
1715,2.1082,58.96696
1716,1.7018,127.912944
1717,1.7018,112.490816
1718,1.6256,61.688512
1719,2.0066,127.00576
1720,1.8796,82.100152
1721,1.6764,125.191392
1722,1.905,126.552168
1723,1.905,94.347136
1724,1.905,96.161504
1725,1.778,136.531192
1726,2.1082,102.0582
1727,1.7271999999999998,117.480328
1728,1.905,148.778176
1729,1.6764,89.357624
1731,1.9304,115.66596
1732,1.9558,122.46984
1733,1.8542,126.098576
1734,1.7271999999999998,110.676448
1735,2.032,151.95332
1736,1.8542,67.131616
1737,1.6764,114.305184
1738,1.6256,122.46984
1739,1.651,90.264808
1740,1.905,119.748288
1741,2.1082,79.83219199999999
1742,1.651,74.389088
1743,1.8796,125.191392
1744,1.9304,126.098576
1745,1.8542,73.935496
1746,1.9812,86.18248
1747,1.6001999999999998,66.678024
1748,1.9304,79.3786
1749,1.6764,87.996848
1750,1.9304,86.636072
1751,1.8796,65.77083999999999
1752,1.5748,61.23492
1753,2.0574,124.7378
1754,1.8796,115.212368
1755,1.6001999999999998,94.800728
1756,1.8288,103.872568
1757,1.905,72.57472
1758,1.9558,132.902456
1759,1.7526,139.252744
1760,1.8796,114.305184
1761,1.905,75.296272
1762,1.7018,87.089664
1763,1.8796,97.068688
1764,1.8288,133.80964
1765,1.8542,68.945984
1766,1.905,84.821704
1767,1.8542,78.925008
1768,1.905,64.410064
1769,1.7271999999999998,122.016248
1770,1.9304,106.59412
1771,1.7018,121.562656
1772,1.8796,112.037224
1773,1.9558,105.233344
1774,1.8288,131.088088
1775,1.6001999999999998,83.91452
1776,1.5494,58.059776
1777,1.5494,73.481904
1778,1.8034,68.492392
1779,1.7271999999999998,100.243832
1780,1.651,66.678024
1781,1.9304,87.996848
1782,1.7271999999999998,165.56108
1783,1.524,58.96696
1784,1.778,131.088088
1785,1.6256,66.224432
1786,1.9812,111.13004
1787,2.0574,82.553744
1788,1.5748,90.264808
1789,1.7018,101.151016
1790,1.8796,131.995272
1791,1.8288,58.513368
1793,1.9812,122.46984
1794,1.6001999999999998,78.925008
1795,1.905,63.50288
1796,1.6256,62.595696
1797,1.6256,99.79024
1798,1.9812,136.0776
1799,1.8288,116.119552
1800,1.6764,99.336648
1801,1.8796,70.30676
1802,1.8796,145.60303199999998
1803,1.8796,110.222856
1804,1.5748,81.64656
1805,1.8288,145.14944
1806,1.905,61.23492
1807,1.9812,153.314096
1808,1.6764,60.327736
1809,1.905,70.30676
1810,1.905,110.676448
1811,1.7526,110.676448
1812,1.524,56.699
1813,2.032,117.026736
1814,1.6256,92.079176
1815,1.5494,54.43104
1816,1.8034,101.604608
1817,1.8796,113.851592
1818,1.9558,83.91452
1819,1.7271999999999998,83.007336
1820,1.6764,116.573144
1821,1.9304,129.27372
1822,1.8288,114.758776
1823,1.7018,107.954896
1824,1.6764,76.657048
1825,1.905,99.336648
1826,1.7271999999999998,103.418976
1827,1.9304,162.385936
1828,1.8796,114.758776
1829,1.6256,60.781328
1830,1.6764,122.923432
1831,1.778,105.686936
1832,1.8542,131.995272
1833,1.4986,58.96696
1834,1.905,112.037224
1835,1.778,143.335072
1836,1.778,100.243832
1837,1.7526,61.688512
1838,1.8542,65.77083999999999
1839,1.7018,181.4368
1840,1.9304,111.583632
1841,1.8542,145.14944
1842,1.8542,138.34556
1843,1.9304,84.821704
1844,1.8288,121.109064
1845,1.8288,136.531192
1846,1.6764,53.977448
1847,1.6001999999999998,83.007336
1848,1.8288,109.315672
1849,1.6764,103.418976
1850,1.7526,139.706336
1851,2.0066,104.32616
1852,1.9558,97.52228
1853,1.8288,80.28578399999999
1854,1.5494,58.513368
1855,1.7271999999999998,132.448864
1856,1.5748,65.77083999999999
1857,1.6764,102.511792
1858,1.9304,77.11064
1859,1.8796,146.963808
1860,1.8796,93.893544
1861,1.6256,73.481904
1862,1.9812,117.93392
1863,1.8288,114.305184
1864,1.6001999999999998,127.459352
1865,1.7271999999999998,59.420552
1866,1.778,121.562656
1867,1.8542,60.327736
1868,1.8034,76.657048
1869,1.8288,152.406912
1870,1.6001999999999998,58.96696
1871,1.7271999999999998,115.66596
1872,1.9558,124.7378
1873,1.9304,78.925008
1874,1.7271999999999998,158.7572
1875,1.905,114.305184
1876,2.0066,81.64656
1877,1.8796,73.935496
1878,1.9304,93.439952
1879,1.8542,61.23492
1880,1.9812,90.7184
1881,1.8034,60.781328
1882,1.9558,99.79024
1883,1.6764,59.874144
1884,1.9812,77.11064
1885,1.6001999999999998,79.3786
1886,1.8542,78.471416
1887,1.7271999999999998,101.151016
1888,1.7018,116.119552
1889,1.7526,58.059776
1890,1.7018,66.224432
1891,1.8288,127.912944
1892,1.778,62.142104
1893,1.905,78.471416
1894,1.6764,97.068688
1895,1.6001999999999998,53.523856
1896,1.5494,49.89512
1897,1.8542,66.678024
1898,1.905,72.121128
1899,1.5494,93.893544
1900,1.651,118.841104
1901,1.4731999999999998,78.017824
1902,1.6256,48.080752
1903,1.5748,94.800728
1904,1.6256,106.140528
1905,1.5494,121.562656
1906,1.6001999999999998,67.131616
1907,1.6256,117.93392
1908,1.7018,114.758776
1909,1.6764,101.151016
1910,1.6001999999999998,121.109064
1911,1.4986,68.0388
1912,1.524,63.956472
1913,1.5748,120.20188
1914,1.651,93.439952
1915,1.5494,88.45044
1916,1.4986,73.028312
1917,1.5748,108.408488
1918,1.6001999999999998,123.377024
1919,1.5748,77.564232
1920,1.5748,55.791816
1921,1.6001999999999998,88.904032
1922,1.6001999999999998,97.52228
1923,1.651,77.564232
1924,2.0574,68.0388
1925,1.7271999999999998,64.410064
1926,1.778,116.119552
1927,1.8796,145.14944
1928,1.6001999999999998,102.0582
1929,1.8542,101.151016
1930,1.7526,132.448864
1931,1.9812,80.739376
1932,1.905,75.749864
1933,1.8288,58.059776
1934,1.8288,50.348712
1935,1.9812,129.27372
1936,2.1082,125.191392
1937,1.8542,125.644984
1938,1.9812,120.20188
1939,1.6256,102.0582
1940,1.8034,63.049288
1941,1.905,131.088088
1942,1.9304,84.368112
1943,1.8796,127.912944
1944,2.1082,129.27372
1945,1.8796,80.28578399999999
1946,1.6001999999999998,64.863656
1947,1.8796,183.251168
1948,1.8542,71.667536
1949,1.7018,158.303608
1950,1.651,98.883056
1951,1.905,139.252744
1952,1.9558,90.264808
1953,2.1082,100.697424
1954,1.7018,117.93392
1955,1.778,117.480328
1956,1.8542,174.63291999999998
1957,1.9558,92.532768
1958,1.778,123.377024
1959,1.7271999999999998,135.170416
1960,1.8288,102.511792
1961,1.6001999999999998,60.781328
1962,1.6764,139.252744
1963,1.9558,87.089664
1964,1.8288,124.284208
1965,1.8288,126.552168
1966,1.9304,135.170416
1967,1.905,120.20188
1968,1.651,132.902456
1969,1.8542,73.028312
1970,1.8796,135.170416
1971,1.8542,67.585208
1972,1.6764,49.89512
1973,1.8796,63.50288
1974,1.905,103.418976
1975,1.5494,71.213944
1976,1.8288,73.028312
1977,1.651,72.121128
1978,1.9304,109.315672
1979,1.8288,112.490816
1980,1.8034,164.653896
1981,1.8034,171.911368
1983,1.9558,77.11064
1984,1.905,130.634496
1985,1.7526,124.7378
1986,1.905,70.760352
1987,1.524,90.7184
1988,1.905,129.727312
1989,1.5494,90.7184
1990,1.7526,108.408488
1991,1.778,115.212368
1992,1.8288,148.778176
1993,2.0828,89.811216
1994,1.6764,115.66596
1995,1.8034,119.748288
1996,1.9558,129.27372
1997,1.905,147.4174
1998,1.5494,58.96696
1999,1.9812,70.30676
2000,1.8034,63.956472
2001,2.0066,136.0776
2002,1.9558,165.56108
2003,1.8034,125.644984
2004,1.6764,58.059776
2005,1.5748,72.57472
2006,2.032,153.314096
2007,1.6256,97.52228
2008,1.7526,56.245408
2009,1.5494,85.728888
2010,1.8288,111.583632
2011,1.8796,117.026736
2012,1.9304,109.769264
2013,1.9304,112.037224
2014,1.8288,65.317248
2015,1.5748,64.410064
2016,1.9812,106.59412
2017,1.8542,130.180904
2018,1.6001999999999998,55.338224
2019,1.9304,163.29312
2020,1.9304,94.800728
2021,1.7526,157.850016
2022,1.905,118.387512
2023,1.8288,123.377024
2024,1.5494,70.30676
2025,1.9558,151.046136
2026,1.905,123.377024
2027,1.905,82.100152
2028,1.5494,80.28578399999999
2029,1.6001999999999998,70.760352
2030,1.8288,121.562656
2031,1.6764,152.406912
2032,1.651,94.347136
2033,1.8796,68.492392
2034,1.6256,113.398
2035,1.651,110.222856
2036,1.5748,65.317248
2037,1.9558,123.377024
2038,1.9304,161.02516
2039,1.8288,118.841104
2040,1.6256,99.336648
2041,1.7271999999999998,168.282632
2042,1.8034,140.61352
2043,1.7018,138.34556
2044,1.9304,118.387512
2045,1.651,112.490816
2046,1.6001999999999998,102.965384
2047,1.905,93.439952
2048,1.778,134.263232
2049,1.6001999999999998,69.399576
2050,1.8034,64.410064
2051,1.778,109.769264
2052,1.8796,158.7572
2053,1.778,111.583632
2054,1.5748,97.52228
2055,1.6764,64.863656
2056,1.8034,149.231768
2057,1.778,112.037224
2058,1.5494,74.389088
2059,1.8288,139.706336
2060,1.7526,50.348712
2061,1.6001999999999998,62.142104
2062,1.6001999999999998,78.017824
2063,1.7018,57.606184
2064,1.8034,114.305184
2065,1.7526,109.315672
2066,1.8542,64.863656
2067,1.7526,135.170416
2068,1.7271999999999998,58.059776
2069,1.7018,136.0776
2070,1.778,155.128464
2071,1.778,147.4174
2073,1.6764,108.408488
2074,1.651,87.089664
2075,1.8542,76.203456
2076,1.905,114.758776
2077,1.6764,98.883056
2078,1.9812,112.944408
2079,2.1082,84.821704
2080,1.8034,71.213944
2081,2.0066,103.872568
2082,1.8796,138.34556
2083,1.7018,124.284208
2084,1.9304,95.707912
2085,1.7271999999999998,115.212368
2086,2.032,99.79024
2088,1.6256,82.100152
2089,1.8542,82.100152
2090,1.7526,176.90088
2091,1.9558,88.45044
2092,1.8034,115.212368
2093,1.8288,123.830616
2094,1.5494,103.418976
2095,1.8034,65.317248
2096,1.9304,73.935496
2097,1.651,87.996848
2098,1.6256,84.368112
2099,1.8034,147.870992
2100,1.6001999999999998,59.874144
2101,1.778,66.224432
2102,1.8542,70.760352
2103,1.7271999999999998,118.841104
2104,1.8796,178.261656
2105,1.6256,84.821704
2106,1.651,63.956472
2107,1.905,126.098576
2108,1.8796,133.356048
2109,2.0574,95.25432
2110,1.651,49.89512
2111,1.8796,94.800728
2112,1.7018,109.769264
2113,1.5748,73.028312
2114,1.7271999999999998,52.616672
2115,1.9558,76.657048
2116,1.778,145.14944
2117,1.8796,149.68536
2118,1.8542,64.410064
2119,1.9304,85.728888
2120,1.6256,86.636072
2121,1.7526,126.098576
2122,1.8542,114.758776
2123,2.1082,99.79024
2124,1.8288,62.142104
2125,1.905,89.811216
2126,1.8288,129.27372
2127,1.778,130.180904
2128,1.7018,114.305184
2129,1.9304,150.138952
2130,1.905,109.315672
2131,1.9558,85.275296
2132,1.8034,136.984784
2133,1.6764,145.14944
2134,1.9558,102.0582
2135,1.9304,91.625584
2136,1.7271999999999998,114.758776
2137,1.778,126.098576
2138,1.778,170.097
2139,1.651,112.037224
2140,1.4986,49.89512
2141,1.524,72.57472
2142,1.7018,126.098576
2143,1.9812,127.00576
2144,1.5748,103.872568
2145,1.7526,141.520704
2146,1.651,114.758776
2147,1.8034,185.519128
2148,1.8796,163.29312
2149,1.9812,98.429464
2150,1.6001999999999998,58.513368
2151,1.6001999999999998,91.625584
2152,1.4986,41.730464
2153,1.6256,122.923432
2154,1.6001999999999998,93.439952
2155,1.6001999999999998,103.872568
2156,1.6764,110.676448
2157,1.6256,93.439952
2158,1.778,135.624008
2159,1.5748,112.490816
2160,1.651,100.243832
2161,1.6764,107.047712
2162,1.5748,121.562656
2163,1.6256,77.564232
2164,1.5494,99.79024
2165,1.6256,85.728888
2166,1.6256,44.905608
2167,1.5494,73.935496
2168,1.524,74.389088
2169,1.6256,62.142104
2170,1.6001999999999998,71.213944
2171,1.7271999999999998,129.727312
2172,1.6001999999999998,108.408488
2173,1.6256,129.27372
2174,1.6256,96.615096
2175,1.6256,49.441528
2176,1.524,43.544832
2177,1.651,52.616672
2178,1.524,59.874144
2179,1.524,66.678024
2180,1.651,53.523856
2181,1.5748,59.420552
2182,1.6001999999999998,117.93392
2183,1.8034,181.4368
2184,1.8542,136.531192
2185,1.8542,81.192968
2186,1.9304,101.604608
2187,2.1082,81.64656
2188,1.6764,139.706336
2189,1.9304,101.151016
2190,1.6256,135.170416
2191,1.8796,146.510216
2192,1.8034,53.070264
2193,1.7018,159.66438399999998
2194,1.905,179.16884
2195,1.7018,132.448864
2196,1.6001999999999998,52.616672
2197,1.8542,76.657048
2198,1.4478,74.84268
2199,1.651,65.317248
2200,1.9812,147.4174
2201,1.8796,75.749864
2202,1.905,100.697424
2203,2.1082,83.007336
2204,2.0574,75.296272
2205,1.8034,122.016248
2206,1.6764,136.531192
2207,1.8796,127.459352
2208,1.5494,56.245408
2209,1.6256,52.16308
2210,1.651,104.32616
2211,1.5748,100.243832
2212,1.5748,88.904032
2213,1.6001999999999998,95.25432
2214,1.5748,76.203456
2215,1.5748,48.987936
2216,1.5748,72.121128
2217,1.4224,54.43104
2218,1.6001999999999998,68.492392
2219,1.7018,131.54168
2220,1.6001999999999998,95.707912
2221,1.6001999999999998,84.368112
2222,1.6001999999999998,86.636072
2223,1.5748,92.98636
2224,1.6001999999999998,71.667536
2225,1.5494,66.224432
2226,1.5748,75.296272
2227,1.6001999999999998,49.441528
2228,1.6764,117.026736
2229,1.651,92.532768
2230,1.651,102.0582
2231,1.5494,79.83219199999999
2232,1.6001999999999998,47.173568
2233,1.5748,75.749864
2234,1.6256,106.59412
2235,1.4986,76.203456
2236,1.651,60.781328
2237,1.4478,68.0388
2238,1.7526,161.02516
2239,1.7018,119.294696
2240,1.8288,128.820128
2241,1.9304,114.758776
2242,1.9304,90.264808
2243,1.7526,138.34556
2244,1.8034,154.22128
2245,2.0828,107.047712
2246,1.7526,121.562656
2247,1.7526,114.758776
2248,1.5494,52.16308
2249,1.9812,115.212368
2250,1.9304,94.347136
2251,1.8796,104.779752
2252,1.905,82.553744
2253,2.032,92.98636
2254,1.8288,158.7572
2255,1.6001999999999998,66.224432
2256,1.5748,69.853168
2257,1.8034,55.338224
2258,1.4986,67.585208
2259,1.6001999999999998,76.203456
2260,1.8796,86.636072
2261,2.1082,77.11064
2262,1.8034,137.438376
2263,1.6256,115.66596
2264,1.5748,88.45044
2265,1.6764,172.36496
2266,1.905,145.14944
2267,1.6764,59.420552
2268,1.524,64.410064
2269,1.778,13.60776
2270,1.4986,61.23492
2271,1.9558,94.800728
2272,2.0828,83.91452
2273,1.778,64.863656
2274,1.8796,83.007336
2275,1.7526,62.595696
2276,1.9304,105.233344
2277,1.524,57.152592
2278,1.9304,142.427888
2279,1.524,79.83219199999999
2280,2.1082,68.0388
2281,1.7526,131.995272
2282,1.905,76.657048
2283,1.6764,127.00576
2284,1.905,81.192968
2285,1.8542,154.22128
2286,1.5748,53.070264
2287,1.905,68.0388
2288,1.9304,100.243832
2289,1.9304,87.089664
2290,1.5748,56.699
2291,1.8542,141.067112
2292,1.397,81.64656
2293,1.524,74.84268
2294,1.7526,122.016248
2295,1.8034,61.688512
2296,1.9812,77.564232
2297,1.651,52.16308
2298,1.7526,121.109064
2299,1.8796,79.83219199999999
2300,1.8034,142.427888
2301,1.524,49.89512
2302,1.7018,164.653896
2303,1.7018,58.513368
2304,1.8034,130.634496
2305,1.5748,102.0582
2306,1.6256,59.420552
2307,1.905,102.965384
2308,1.8542,101.604608
2309,1.7018,123.377024
2310,1.524,81.64656
2311,1.905,154.22128
2312,1.9558,89.811216
2313,1.5748,63.50288
2315,1.651,120.20188
2316,1.5748,85.728888
2317,1.8288,161.478752
2318,1.9558,154.22128
2319,1.5748,68.945984
2320,1.8796,78.017824
2321,1.5494,72.57472
2322,1.9304,141.974296
2323,1.6001999999999998,87.543256
2324,1.8288,72.121128
2325,1.9304,140.159928
2326,1.524,65.77083999999999
2327,1.397,77.11064
2328,1.9304,102.511792
2329,1.8034,124.284208
2330,1.905,131.995272
2331,1.778,59.420552
2332,1.7271999999999998,108.408488
2333,1.8034,137.891968
2334,1.6256,108.86208
2335,1.5748,91.625584
2336,1.778,144.242256
2337,1.8288,69.853168
2338,1.8034,146.963808
2339,1.9558,117.480328
2340,1.8796,122.923432
2341,1.6764,100.243832
2342,1.8796,134.716824
2344,1.8542,181.4368
2345,1.651,106.140528
2346,1.7018,147.870992
2348,1.8288,144.242256
2350,1.905,87.543256
2351,1.8542,68.492392
2352,1.7526,134.263232
2353,1.8288,67.131616
2354,1.905,104.779752
2355,2.0066,90.7184
2357,1.7018,123.830616
2358,1.8796,67.131616
2359,1.8542,134.263232
2360,1.8034,60.327736
2361,1.8034,145.14944
2362,2.0574,81.64656
2363,1.7271999999999998,117.026736
2364,1.9304,136.0776
2365,1.5494,61.23492
2366,1.9304,99.336648
2367,1.905,88.904032
2368,1.5494,68.492392
2369,1.9812,108.408488
2370,1.9558,91.171992
2371,1.9812,76.657048
2372,1.5748,60.781328
2373,2.0574,106.59412
2374,1.9812,89.357624
2375,1.778,129.727312
2376,1.9304,152.406912
2377,1.5748,127.00576
2378,1.6256,113.851592
2379,1.8796,72.121128
2380,1.8796,103.418976
2381,1.7271999999999998,138.34556
2382,1.5748,83.460928
2383,2.1082,74.84268
2384,1.4986,65.317248
2385,1.7271999999999998,179.16884
2386,1.4986,56.699
2387,1.524,67.131616
2388,1.7271999999999998,125.191392
2389,1.5494,68.0388
2390,1.905,174.63291999999998
2391,1.9558,123.830616
2392,1.8796,63.956472
2393,1.6764,56.245408
2394,1.5748,74.389088
2395,1.4478,54.43104
2396,1.5748,69.399576
2397,1.9558,150.138952
2398,1.905,73.028312
2399,1.9558,83.007336
2400,1.8796,54.43104
2401,1.6001999999999998,60.327736
2402,1.5748,63.956472
2403,1.778,167.82904
2404,1.6001999999999998,85.275296
2405,1.9558,125.191392
2406,1.7526,129.727312
2407,1.8796,103.872568
2408,1.9304,131.088088
2409,1.7271999999999998,137.438376
2410,1.8288,66.224432
2411,1.8034,62.142104
2412,2.0574,86.18248
2413,1.6256,93.893544
2414,2.0574,94.347136
2415,1.7526,49.441528
2416,2.0066,111.13004
2417,2.1082,83.91452
2418,2.1082,94.800728
2419,1.8542,148.778176
2420,1.651,24.94756
2421,1.6001999999999998,45.812792
2422,1.7526,140.61352
2423,1.9558,84.368112
2424,1.7271999999999998,128.820128
2426,1.8542,48.534344
2427,1.905,89.357624
2428,1.8288,62.595696
2429,2.0828,72.57472
2430,1.8034,131.088088
2431,1.9812,89.811216
2432,1.8542,139.252744
2433,1.6256,63.956472
2434,1.9812,76.203456
2435,1.9558,82.553744
2436,1.8288,150.138952
2437,1.9304,167.82904
2438,1.524,86.18248
2439,1.9304,78.471416
2440,1.7526,135.624008
2441,1.7526,125.191392
2442,1.5494,83.91452
2443,1.9558,158.7572
2444,1.4986,54.43104
2445,1.7526,147.4174
2446,1.6256,81.192968
2447,1.524,55.791816
2448,1.778,132.448864
2449,1.8288,56.699
2450,1.651,145.14944
2451,2.1082,95.25432
2452,1.7018,59.420552
2453,2.1082,92.532768
2454,1.6001999999999998,101.151016
2455,1.8796,77.564232
2456,1.7018,130.634496
2457,1.6764,55.791816
2458,1.5748,52.616672
2459,1.6256,49.89512
2460,1.905,78.017824
2461,1.9558,134.263232
2462,1.8034,174.63291999999998
2463,1.7018,118.841104
2464,1.651,60.327736
2465,1.6764,136.0776
2466,1.6001999999999998,110.676448
2467,1.651,83.460928
2468,1.5748,93.439952
2469,1.778,54.43104
2470,1.7526,60.781328
2471,1.9304,83.460928
2472,1.9304,74.84268
2473,2.0574,135.170416
2474,1.7526,137.891968
2475,1.7018,151.95332
2476,1.5748,51.709488
2477,1.6001999999999998,52.16308
2478,1.8034,158.7572
2479,1.905,64.863656
2480,1.9558,115.66596
2481,1.9304,121.562656
2482,1.524,50.802304
2483,1.9304,112.944408
2484,1.8288,66.678024
2485,1.8288,172.36496
2486,1.5748,86.18248
2487,1.9558,81.64656
2488,1.9812,127.459352
2489,1.8796,62.142104
2490,1.5748,84.821704
2491,1.5494,86.18248
2492,1.651,116.119552
2493,1.6764,53.523856
2494,1.9304,85.275296
2495,1.651,164.653896
2496,1.8288,141.520704
2497,1.4986,90.7184
2498,1.6256,57.606184
2499,1.5748,80.28578399999999
2500,1.9558,138.34556
2501,1.6256,107.501304
2502,1.9304,67.131616
2503,1.8796,149.231768
2504,1.651,105.233344
2505,1.6001999999999998,83.460928
2506,2.0574,72.57472
2507,1.8288,134.263232
2508,1.524,66.224432
2509,1.8288,58.96696
2510,1.9558,87.996848
2511,1.524,54.43104
2512,1.778,137.891968
2513,1.905,97.068688
2514,1.6256,60.327736
2515,2.0066,115.66596
2516,2.0574,70.30676
2517,1.6256,88.904032
2518,1.6764,124.7378
2519,1.6764,57.152592
2520,1.524,83.91452
2521,1.778,52.16308
2522,1.9304,78.017824
2523,2.032,102.0582
2524,2.0574,129.27372
2525,1.5494,56.699
2526,1.8796,76.657048
2527,2.0828,85.275296
2528,1.6764,122.46984
2529,1.8796,109.315672
2530,1.9304,156.035648
2531,1.5494,77.11064
2532,1.9812,108.86208
2533,1.9812,151.95332
2534,1.9812,131.54168
2535,1.8796,156.942832
2536,1.8288,59.874144
2538,1.9304,158.7572
2539,1.9812,87.996848
2540,1.651,117.026736
2541,1.6764,115.212368
2542,1.7526,52.616672
2543,1.9558,118.387512
2544,1.524,70.760352
2545,1.5494,81.64656
2546,1.9558,78.017824
2547,1.6764,48.987936
2548,1.905,94.800728
2549,1.9558,114.305184
2550,1.524,48.080752
2551,1.8796,107.501304
2552,1.9558,72.57472
2553,1.8034,172.36496
2555,1.5748,83.91452
2556,1.524,78.471416
2557,1.905,116.573144
2558,1.9558,141.520704
2559,2.1082,75.296272
2560,1.9304,89.357624
2561,1.5748,89.811216
2562,1.9812,93.893544
2563,1.9558,78.925008
2564,1.5494,108.86208
2565,1.524,76.657048
2566,1.9812,81.64656
2567,1.4731999999999998,90.7184
2568,1.7271999999999998,133.80964
2569,1.6001999999999998,78.471416
2570,1.905,112.490816
2571,1.905,138.799152
2572,1.8542,128.820128
2573,1.9304,108.408488
2574,1.905,183.70476
2575,2.1082,104.32616
2576,1.5494,62.142104
2577,1.905,158.7572
2578,1.6256,59.874144
2579,1.5748,49.89512
2580,2.0574,74.389088
2581,1.9304,126.552168
2582,2.1082,145.14944
2583,1.5494,65.317248
2584,1.524,69.399576
2585,1.8542,149.68536
2586,1.524,76.203456
2587,1.6764,104.779752
2588,1.905,173.272144
2589,1.8034,163.29312
2590,1.5748,71.213944
2591,2.0828,119.294696
2592,1.8796,69.853168
2593,1.6001999999999998,98.429464
2594,1.5748,66.678024
2595,2.0828,63.50288
2596,1.7018,50.802304
2597,1.6764,131.088088
2598,1.6001999999999998,64.410064
2599,1.7271999999999998,52.16308
2600,1.4986,48.987936
2601,1.8796,119.294696
2602,1.7526,150.592544
2603,1.7526,63.049288
2604,1.8542,61.688512
2605,1.5748,73.935496
2606,2.0066,98.883056
2607,1.7526,142.88148
2608,1.8288,63.956472
2609,2.032,130.634496
2610,1.8796,132.448864
2611,1.6001999999999998,55.791816
2612,1.8542,136.984784
2613,1.7018,53.977448
2614,1.651,99.336648
2615,1.651,136.0776
2616,1.524,63.50288
2617,1.5748,62.142104
2618,1.6256,55.338224
2619,1.651,97.975872
2620,1.5748,54.884632
2621,1.905,128.820128
2622,1.8542,123.830616
2623,1.7271999999999998,56.245408
2624,1.6764,135.170416
2625,1.6256,128.820128
2626,1.651,59.420552
2627,1.9558,100.697424
2628,2.0574,115.66596
2629,1.7018,149.68536
2630,1.524,85.728888
2631,1.7526,120.655472
2632,1.6256,118.841104
2633,1.6001999999999998,54.884632
2634,1.6001999999999998,76.657048
2635,1.7526,138.799152
2636,2.0574,104.32616
2637,1.8796,143.788664
2638,1.7018,133.80964
2639,1.7018,130.180904
2640,2.1082,113.398
2641,2.032,122.46984
2642,1.9558,98.883056
2643,1.9558,103.872568
2644,1.5748,63.049288
2646,1.7018,144.695848
2647,2.0066,88.45044
2648,1.778,63.049288
2649,2.1082,138.799152
2650,2.1082,86.18248
2651,1.8034,156.48924
2652,1.7271999999999998,163.746712
2653,1.905,175.086512
2654,1.4731999999999998,88.904032
2655,1.4986,83.91452
2656,1.9304,97.068688
2657,1.8796,128.366536
2658,1.5494,76.657048
2659,2.0828,122.46984
2660,1.8796,73.481904
2661,1.8288,153.314096
2662,1.905,137.438376
2663,1.7526,130.180904
2664,1.8034,128.820128
2665,1.5748,85.275296
2666,1.905,150.138952
2667,1.9304,79.83219199999999
2668,1.9304,142.88148
2669,1.8542,128.366536
2670,1.6764,95.707912
2671,2.032,120.20188
2672,1.905,137.891968
2673,1.9558,93.439952
2674,1.9304,172.36496
2675,1.6256,91.171992
2676,1.5748,78.017824
2677,1.905,113.851592
2678,1.778,63.956472
2679,1.4731999999999998,49.89512
2680,1.9558,136.0776
2682,1.5494,59.420552
2683,1.6001999999999998,109.769264
2684,1.9304,117.026736
2685,1.8288,134.716824
2686,1.8542,121.109064
2687,1.9558,125.644984
2688,1.9558,126.552168
2689,1.8796,107.047712
2690,1.6256,111.13004
2691,1.651,91.625584
2692,1.6001999999999998,81.192968
2693,1.6256,116.119552
2694,1.651,118.387512
2695,1.778,60.327736
2696,1.9304,112.490816
2697,1.8542,137.891968
2698,1.8034,123.830616
2699,1.9812,97.52228
2700,1.6764,131.54168
2701,1.8542,45.3592
2702,1.8542,72.121128
2703,1.651,101.604608
2704,1.8796,141.520704
2705,1.7526,156.942832
2706,1.7526,123.377024
2707,1.5748,50.802304
2708,1.9558,107.501304
2709,1.905,115.212368
2710,1.524,99.79024
2711,1.8542,162.385936
2712,1.8288,147.870992
2713,1.905,112.944408
2714,1.7271999999999998,150.138952
2715,1.7526,130.634496
2716,1.778,124.284208
2717,1.8796,130.634496
2718,1.7018,150.138952
2719,1.9304,114.305184
2720,1.8542,121.562656
2721,1.8796,66.678024
2722,1.9558,118.841104
2723,1.9304,151.046136
2724,1.5748,92.532768
2725,1.7526,151.499728
2726,1.9304,149.231768
2727,1.7271999999999998,57.152592
2728,1.905,124.284208
2729,1.6256,96.161504
2730,1.6001999999999998,145.14944
2731,1.8796,89.357624
2732,1.8288,151.95332
2733,1.7526,170.550592
2734,1.8542,180.076024
2735,1.9304,122.016248
2736,1.7018,118.387512
2737,1.8034,144.242256
2738,1.778,119.294696
2739,1.6001999999999998,108.86208
2740,1.6764,128.820128
2741,1.9812,150.138952
2742,1.9304,115.212368
2743,1.6001999999999998,89.811216
2744,1.7018,165.56108
2745,1.905,136.531192
2746,1.6001999999999998,68.945984
2747,1.9304,76.657048
2748,2.0574,85.728888
2749,1.9812,97.975872
2750,1.905,65.77083999999999
2751,1.8796,64.410064
2752,1.5748,78.471416
2753,1.4731999999999998,82.100152
2754,1.5494,87.089664
2755,1.7018,146.056624
2756,1.9304,116.119552
2757,1.778,113.851592
2758,1.8796,134.263232
2759,2.032,88.45044
2760,1.8796,137.438376
2761,1.9558,107.954896
2762,1.5494,45.3592
2763,1.6001999999999998,53.977448
2765,1.6764,112.037224
2766,1.9558,102.965384
2767,1.8796,123.377024
2768,1.778,141.974296
2769,1.7271999999999998,54.884632
2770,1.778,138.34556
2771,1.778,116.573144
2772,1.8034,146.056624
2773,1.8288,147.4174
2774,1.8034,156.942832
2775,1.9558,122.923432
2776,1.905,111.583632
2777,1.778,135.170416
2778,2.0066,74.84268
2779,1.6001999999999998,115.212368
2780,1.8288,141.974296
2781,1.8796,122.016248
2782,2.0828,84.368112
2783,1.7526,185.97272
2784,1.8288,137.891968
2785,1.651,159.210792
2786,1.8288,164.653896
2787,1.7526,133.80964
2788,1.8796,125.644984
2790,1.8288,133.356048
2791,1.8542,71.213944
2792,2.0066,122.46984
2793,1.905,146.056624
2794,1.9558,133.80964
2795,1.905,121.109064
2796,1.905,62.595696
2797,1.8796,71.213944
2798,1.6764,121.562656
2799,1.8288,154.22128
2800,1.9558,139.706336
2801,1.7526,128.820128
2802,1.9304,120.655472
2803,1.5748,87.996848
2804,1.524,79.3786
2806,1.778,127.459352
2807,1.7271999999999998,136.984784
2808,2.0066,155.128464
2810,1.9812,140.61352
2811,1.5748,53.977448
2812,1.9558,86.636072
2813,1.905,170.097
2814,1.7271999999999998,141.067112
2815,1.651,148.778176
2816,1.7271999999999998,121.109064
2817,1.778,132.902456
2818,1.6764,107.501304
2819,2.0828,147.870992
2820,1.8034,120.655472
2821,1.7018,53.070264
2822,1.7271999999999998,148.778176
2823,1.9812,79.3786
2824,1.9304,125.644984
2825,1.8288,143.335072
2826,1.6001999999999998,63.049288
2827,2.0066,117.93392
2828,1.8288,142.427888
2830,1.8542,141.520704
2831,1.9812,102.965384
2832,1.9812,101.151016
2833,1.8034,141.520704
2834,1.7271999999999998,182.797576
2835,1.9558,149.68536
2836,1.651,126.552168
2837,2.0828,62.595696
2838,1.9558,111.13004
2839,2.0066,80.28578399999999
2840,1.9304,149.68536
2841,1.7271999999999998,127.459352
2842,1.524,102.965384
2843,1.5494,102.0582
2844,1.651,54.884632
2845,1.6256,125.644984
2846,1.4986,53.977448
2847,1.4986,62.595696
2848,1.524,50.348712
2849,1.6764,109.315672
2850,1.5494,48.534344
2851,1.5494,100.697424
2852,1.5748,119.294696
2853,1.4731999999999998,95.25432
2854,1.524,53.977448
2855,1.4478,68.945984
2856,1.6764,105.686936
2857,1.6001999999999998,114.758776
2858,1.6256,123.377024
2859,1.6256,107.047712
2860,1.5748,97.975872
2861,1.6001999999999998,101.604608
2862,1.6001999999999998,118.387512
2863,1.5748,53.523856
2864,1.524,56.245408
2865,1.5494,102.511792
2866,1.5494,62.595696
2867,1.5748,81.192968
2868,1.5494,48.080752
2869,1.524,58.513368
2870,1.5748,101.151016
2871,1.4986,47.62716
2872,1.6001999999999998,116.573144
2873,1.7018,125.644984
2874,1.4986,81.64656
2875,1.524,100.243832
2876,1.4478,59.874144
2877,1.4986,54.884632
2878,1.6001999999999998,110.222856
2879,1.4986,71.213944
2880,1.6001999999999998,85.728888
2881,1.4478,93.439952
2882,1.8542,161.932344
2883,1.6001999999999998,87.996848
2884,1.651,124.7378
2885,1.7018,142.427888
2886,1.4986,63.049288
2887,1.6256,101.151016
2888,1.8542,172.36496
2889,1.8288,125.191392
2890,2.0066,93.893544
2891,2.1082,79.3786
2892,1.651,107.954896
2893,1.8796,70.760352
2894,1.905,134.263232
2895,1.9812,90.264808
2896,1.7018,135.170416
2897,1.9558,105.686936
2898,1.9812,97.068688
2899,1.7271999999999998,121.562656
2900,1.7271999999999998,163.29312
2901,1.5494,64.863656
2902,1.7018,119.748288
2903,2.0828,86.18248
2904,1.651,150.592544
2905,1.5494,73.028312
2906,1.8542,138.799152
2907,1.8542,129.727312
2908,1.8288,64.410064
2909,1.5494,53.070264
2910,1.905,68.492392
2911,1.5748,92.079176
2912,1.9304,155.582056
2913,1.8796,128.820128
2914,1.6001999999999998,63.956472
2915,1.524,102.0582
2916,1.8288,60.327736
2917,1.8796,55.338224
2918,1.9304,129.727312
2919,1.651,58.059776
2920,1.8034,67.585208
2921,1.8288,139.252744
2922,1.8034,132.902456
2923,2.0066,156.035648
2924,1.7526,181.4368
2925,1.9304,87.543256
2926,1.905,168.736224
2927,1.8796,68.945984
2928,2.1082,76.203456
2929,1.6001999999999998,111.13004
2930,1.651,115.66596
2931,1.778,58.513368
2932,1.7271999999999998,118.387512
2933,1.7526,146.963808
2934,1.8288,129.727312
2936,1.7271999999999998,128.366536
2937,1.651,55.338224
2938,1.9304,89.811216
2939,1.905,128.366536
2940,1.7018,55.338224
2941,2.1082,108.86208
2942,1.524,83.460928
2943,1.6764,144.242256
2944,1.905,105.233344
2945,2.0066,79.83219199999999
2946,2.0574,83.91452
2947,1.778,158.7572
2948,2.0066,131.54168
2949,1.5494,133.356048
2950,1.9812,96.161504
2951,1.9812,156.942832
2952,1.4478,72.121128
2953,1.6001999999999998,50.802304
2954,1.8796,141.067112
2955,1.524,75.749864
2956,1.8288,54.43104
2957,1.5748,57.606184
2958,1.397,55.791816
2959,2.0066,74.389088
2960,2.1082,98.429464
2961,1.778,143.788664
2962,1.5494,91.625584
2963,1.7526,57.152592
2964,1.5748,50.348712
2965,2.0574,108.86208
2966,1.6001999999999998,91.171992
2967,1.5748,49.441528
2968,1.5748,117.026736
2969,1.7018,129.727312
2970,1.524,98.429464
2971,1.6256,126.098576
2972,1.6764,118.387512
2973,1.5494,76.203456
2974,1.524,111.13004
2975,1.524,103.418976
2976,1.6764,149.68536
2977,1.5494,54.884632
2978,1.5748,55.338224
2979,1.6256,101.604608
2980,1.5748,116.573144
2981,1.7018,115.212368
2982,1.5748,102.511792
2983,1.4986,75.749864
2984,1.5494,52.616672
2985,1.524,83.007336
2986,1.6001999999999998,129.27372
2987,1.6256,112.037224
2988,1.524,51.709488
2989,1.5494,97.975872
2990,1.524,61.688512
2991,1.6256,109.315672
2992,1.5494,100.243832
2993,1.5494,67.131616
2994,1.6256,53.977448
2995,1.5748,87.543256
2996,1.6256,110.676448
2997,1.6764,118.841104
2998,1.5748,59.874144
2999,1.5748,61.688512
3000,1.651,91.171992
3001,1.5494,122.46984
3002,1.8796,166.468264
3003,1.6256,100.243832
3004,1.5748,66.224432
3005,1.6256,105.686936
3006,1.6764,138.799152
3007,1.524,62.142104
3008,1.6256,109.769264
3009,1.6001999999999998,106.59412
3010,1.5494,55.791816
3011,1.5494,98.429464
3012,1.6256,102.965384
3013,1.524,45.3592
3014,1.5748,87.089664
3015,1.4986,62.142104
3016,1.4731999999999998,70.30676
3017,1.4986,63.50288
3018,1.4986,41.276872
3019,1.651,111.13004
3020,1.4731999999999998,63.956472
3021,1.4478,85.275296
3022,1.5748,51.255896
3023,1.5494,50.802304
3024,1.5494,88.904032
3025,1.5494,78.017824
3026,1.524,105.233344
3027,1.5748,62.595696
3028,1.5494,69.853168
3029,1.4731999999999998,40.369688
3030,1.8288,146.963808
3031,1.7271999999999998,126.098576
3032,1.5494,84.821704
3033,1.6001999999999998,57.152592
3034,1.6256,48.987936
3035,1.7018,141.974296
3036,1.5494,81.192968
3037,1.6001999999999998,61.688512
3038,1.6001999999999998,109.315672
3039,1.5748,111.13004
3040,1.4986,53.523856
3041,1.5748,100.697424
3042,1.6001999999999998,49.89512
3043,1.5494,72.121128
3044,1.6256,119.748288
3045,1.5494,86.636072
3046,1.5748,128.366536
3047,1.6764,122.016248
3048,1.4731999999999998,60.781328
3049,1.8034,56.245408
3050,1.8034,129.727312
3051,1.6001999999999998,116.119552
3052,1.4986,48.534344
3053,1.6256,121.562656
3054,1.5748,125.191392
3055,1.651,121.109064
3056,1.5494,66.678024
3057,1.4731999999999998,61.23492
3058,1.6001999999999998,50.348712
3059,1.5748,56.245408
3060,1.6764,119.294696
3061,1.6256,139.706336
3062,1.4731999999999998,56.245408
3063,1.6001999999999998,90.264808
3064,1.5748,64.863656
3065,1.6256,54.884632
3066,1.651,95.707912
3067,1.4986,86.636072
3068,1.524,54.884632
3069,1.6001999999999998,97.068688
3070,1.524,73.481904
3071,1.524,89.357624
3072,1.5748,47.62716
3073,1.5748,151.499728
3074,1.5748,124.7378
3075,1.6256,115.212368
3076,1.4986,85.275296
3077,1.651,123.377024
3078,1.7018,135.624008
3079,1.6256,108.408488
3080,1.6256,58.513368
3081,1.6001999999999998,127.00576
3082,1.651,49.441528
3083,1.4731999999999998,72.121128
3084,1.4224,52.616672
3085,1.5494,107.954896
3086,1.6001999999999998,87.089664
3087,1.4731999999999998,70.760352
3088,1.524,53.070264
3089,1.5748,83.007336
3090,1.6001999999999998,57.606184
3091,1.524,73.028312
3092,1.5494,48.987936
3093,1.6001999999999998,59.420552
3094,1.5748,108.86208
3095,1.4986,55.791816
3096,1.6256,114.305184
3097,1.5748,82.100152
3098,1.524,82.100152
3099,1.5494,71.667536
3100,1.4731999999999998,84.821704
3101,1.5748,93.893544
3102,1.7526,148.778176
3103,1.524,75.296272
3104,1.6001999999999998,47.62716
3105,1.5748,60.327736
3106,1.5748,78.925008
3107,1.651,120.655472
3108,1.5494,89.357624
3109,1.524,89.811216
3110,1.6256,136.0776
3111,1.524,150.592544
3112,1.4986,65.77083999999999
3113,1.7018,142.88148
3114,1.5494,51.709488
3115,1.5494,44.452016
3116,1.6001999999999998,56.245408
3117,1.6001999999999998,96.161504
3118,1.524,73.935496
3119,1.5748,114.758776
3120,1.524,113.398
3121,1.5494,45.812792
3122,1.6001999999999998,106.140528
3123,1.5494,85.275296
3124,1.7271999999999998,116.573144
3125,1.7271999999999998,151.046136
3126,1.5494,79.3786
3127,1.651,100.697424
3128,1.4986,58.059776
3129,1.651,111.583632
3130,1.6256,117.026736
3131,1.5748,48.534344
3132,1.7018,145.14944
3133,1.5748,110.676448
3134,1.6256,97.975872
3135,1.524,46.266384
3136,1.5494,112.490816
3137,1.8288,132.902456
3138,1.6764,48.080752
3139,1.7018,108.408488
3140,1.6256,47.173568
3141,1.4986,64.863656
3142,1.4986,88.45044
3143,1.5494,125.644984
3144,1.6001999999999998,42.637648
3145,1.7526,48.987936
3146,1.4731999999999998,65.77083999999999
3147,1.6001999999999998,98.883056
3148,1.7018,140.159928
3149,1.4986,66.678024
3150,1.5494,63.956472
3151,1.524,97.068688
3152,1.4986,59.420552
3153,1.6001999999999998,89.357624
3154,1.6764,110.222856
3155,1.4986,77.11064
3156,1.651,110.676448
3157,1.4478,83.460928
3158,1.5748,94.347136
3159,1.5748,126.552168
3160,1.524,53.523856
3161,1.8034,128.366536
3162,1.6001999999999998,97.975872
3163,1.8796,67.585208
3164,1.905,135.624008
3165,1.905,180.529616
3166,1.9304,151.95332
3167,1.905,143.335072
3168,2.0066,149.68536
3169,1.7018,128.366536
3170,2.1082,118.841104
3171,1.778,146.510216
3172,1.9304,93.893544
3173,1.8288,176.90088
3174,1.8796,139.706336
3175,2.0828,83.460928
3176,1.8796,58.96696
3177,1.9812,74.84268
3178,1.8542,146.056624
3179,1.8034,133.356048
3180,2.0066,96.161504
3182,1.7018,152.860504
3183,1.651,115.212368
3184,1.8542,175.086512
3185,1.905,181.4368
3186,1.7526,133.356048
3187,1.9558,155.128464
3188,1.8288,60.781328
3189,1.778,58.059776
3190,1.9558,112.490816
3191,2.0828,95.25432
3193,1.9558,88.904032
3194,1.6001999999999998,48.080752
3195,1.8796,179.16884
3196,2.1082,68.945984
3197,1.9304,123.377024
3198,1.8034,140.159928
3199,1.9812,117.026736
3200,1.905,146.963808
3201,1.7271999999999998,48.534344
3202,1.8034,135.170416
3203,1.8288,127.459352
3204,2.1082,85.728888
3205,2.0574,90.7184
3206,1.8542,131.088088
3207,2.1082,70.30676
3208,1.8796,119.748288
3209,1.905,172.36496
3210,1.7526,136.984784
3211,1.8796,69.399576
3212,1.8034,136.531192
3213,1.6764,116.119552
3214,2.0828,81.64656
3215,1.9304,160.117976
3216,1.8796,118.841104
3217,1.9812,107.047712
3218,1.9304,91.171992
3219,1.9304,118.841104
3220,1.8288,45.3592
3221,1.9304,80.28578399999999
3222,2.0828,183.70476
3223,1.8542,156.942832
3224,1.7271999999999998,57.606184
3225,1.8796,177.808064
3226,1.778,57.152592
3227,1.8034,57.606184
3228,1.8796,65.317248
3229,1.6256,46.719976
3230,1.8288,149.231768
3231,1.4224,36.28736
3232,1.6001999999999998,129.727312
3233,1.5494,124.7378
3234,1.6001999999999998,33.565808
3235,2.0066,96.615096
3236,1.905,69.853168
3237,1.5748,46.266384
3238,1.5748,106.59412
3239,1.6256,51.255896
3240,1.6001999999999998,48.987936
3241,1.6256,95.707912
3242,1.524,51.255896
3243,2.0066,163.29312
3244,1.6001999999999998,126.098576
3245,1.5748,47.173568
3246,1.524,92.532768
3247,1.8542,180.529616
3248,2.032,119.748288
3249,1.9304,104.779752
3250,1.9812,79.83219199999999
3251,1.905,73.935496
3252,1.8288,63.049288
3253,1.5748,43.544832
3254,1.8288,145.60303199999998
3255,1.524,77.564232
3256,1.8796,165.107488
3257,1.8288,138.799152
3258,1.5494,83.007336
3259,1.7526,132.902456
3260,1.6764,113.851592
3261,1.651,48.987936
3262,1.5494,57.152592
3263,1.4478,56.699
3264,1.4478,71.213944
3265,1.6764,47.62716
3266,1.7526,55.791816
3267,1.524,44.905608
3268,1.7018,147.4174
3269,1.8542,59.874144
3270,1.7018,121.109064
3271,1.8796,174.63291999999998
3272,1.905,125.191392
3273,1.8542,62.142104
3274,1.8796,176.90088
3275,1.7018,110.222856
3276,1.9558,110.676448
3277,1.6001999999999998,51.709488
3278,1.5494,57.606184
3279,1.8542,151.046136
3280,1.651,131.54168
3281,1.4986,50.802304
3282,1.8796,157.396424
3283,1.6764,158.7572
3284,1.4986,60.327736
3285,1.4731999999999998,65.317248
3286,1.9304,70.30676
3287,1.7018,54.884632
3288,1.524,52.16308
3289,1.524,60.781328
3290,1.6001999999999998,131.995272
3291,1.7526,59.420552
3292,1.524,96.615096
3293,1.651,96.615096
3294,1.8796,181.4368
3295,1.8796,142.88148
3296,1.6764,120.655472
3297,1.524,71.213944
3298,2.032,104.32616
3299,1.9812,92.98636
3300,1.9558,132.448864
3301,1.905,125.644984
3302,1.7526,49.89512
3303,1.778,139.252744
3304,1.6001999999999998,133.80964
3305,1.7018,156.035648
3306,1.5748,40.82328
3307,1.4986,55.338224
3308,1.524,63.049288
3309,1.4986,81.192968
3310,1.6256,104.779752
3311,1.8796,179.622432
3312,1.6256,156.48924
3313,1.4986,52.16308
3314,1.4986,72.57472
3315,1.4986,45.812792
3316,1.651,156.48924
3317,1.651,129.727312
3318,1.651,53.070264
3320,1.8288,132.448864
3321,2.0066,104.779752
3322,1.524,65.317248
3323,1.524,98.883056
3324,1.8288,151.046136
3325,1.905,58.96696
3326,2.032,107.501304
3327,1.6256,129.727312
3328,1.8542,130.634496
3329,1.5748,46.719976
3330,1.9812,147.870992
3331,2.0828,97.975872
3332,1.5494,96.615096
3333,1.4986,73.481904
3334,1.4731999999999998,49.441528
3335,1.6764,163.29312
3336,1.9304,147.4174
3337,1.5494,91.171992
3338,1.5494,127.00576
3339,1.4986,96.161504
3340,1.9812,72.57472
3341,2.0066,68.0388
3342,1.4224,51.255896
3343,1.4731999999999998,46.266384
3344,1.651,103.872568
3345,1.5494,60.327736
3346,1.524,80.28578399999999
3347,1.5494,87.996848
3348,1.5748,80.739376
3349,1.5494,59.874144
3350,1.6256,118.387512
3351,1.9304,75.749864
3352,1.5494,61.688512
3353,1.6256,110.222856
3354,1.8034,175.086512
3355,1.9304,137.438376
3356,1.6256,48.534344
3357,1.4478,86.636072
3358,1.7018,167.82904
3359,1.5494,50.348712
3360,1.9304,82.100152
3361,2.1082,92.98636
3362,1.8542,151.95332
3363,1.7271999999999998,29.937072
3364,1.7271999999999998,145.14944
3365,1.8542,161.02516
3366,1.5748,45.3592
3367,1.6764,183.70476
3368,1.8542,170.097
3369,1.5748,58.513368
3370,1.5494,44.905608
3371,1.778,50.802304
3372,1.6256,127.459352
3373,1.6256,53.523856
3375,1.4986,79.3786
3376,1.7526,168.282632
3377,1.9558,121.109064
3378,1.4224,57.152592
3379,1.8288,52.16308
3380,1.7271999999999998,53.070264
3381,1.7526,144.695848
3382,1.651,43.09124
3383,2.0828,158.7572
3384,1.651,109.315672
3385,1.524,84.821704
3386,1.4224,60.327736
3387,1.6256,103.418976
3388,1.524,124.284208
3389,1.4478,55.791816
3390,1.5494,78.925008
3391,1.4478,62.595696
3392,1.8288,49.441528
3393,1.524,60.327736
3394,1.905,69.399576
3395,1.524,69.853168
3396,1.9558,92.079176
3397,1.9304,75.296272
3398,1.9558,74.389088
3399,1.6256,130.180904
3400,2.0066,77.11064
3401,2.0066,145.14944
3402,1.7018,131.088088
3403,1.8796,170.097
3404,1.5748,84.368112
3405,1.8288,175.540104
3406,1.6256,102.511792
3407,1.5494,93.439952
3408,1.8542,151.499728
3409,1.9304,107.501304
3410,1.5494,95.25432
3411,2.0066,99.336648
3412,1.8288,155.582056
3413,1.9812,92.532768
3414,1.8542,62.595696
3415,1.7526,126.552168
3416,2.032,115.66596
3417,1.6764,133.80964
3418,1.6001999999999998,107.047712
3419,1.7018,139.252744
3420,1.9304,123.830616
3421,1.778,53.070264
3422,1.6001999999999998,131.088088
3423,1.4986,59.874144
3424,1.7018,122.016248
3425,2.0828,68.945984
3426,1.778,141.520704
3427,1.524,91.171992
3428,1.6764,133.356048
3429,1.5748,67.131616
3430,1.5494,67.585208
3431,1.4731999999999998,68.0388
3432,1.9558,172.36496
3433,1.8288,131.995272
3434,1.7526,141.974296
3435,2.0828,104.32616
3436,2.0066,83.91452
3437,1.524,80.739376
3438,1.9812,111.583632
3439,1.7018,49.89512
3440,1.524,68.492392
3441,1.7526,153.314096
3442,1.905,122.923432
3443,1.651,119.294696
3444,1.7271999999999998,143.335072
3445,1.524,87.996848
3446,1.4986,60.781328
3447,2.0574,87.089664
3448,1.9558,80.739376
3449,2.0066,85.728888
3450,1.8542,54.43104
3451,2.1082,117.93392
3452,1.7526,171.911368
